id,name,description,created_at,updated_at,deleted_at
1,Prime NY Steak,,2020-11-11 03:54:09.581465+00,2020-11-11 03:54:09.581465+00,
2,Farro,,2020-11-11 03:54:09.581465+00,2020-11-11 03:54:09.581465+00,
3,Port Sauce,,2020-11-11 03:54:09.581465+00,2020-11-11 03:54:09.581465+00,
4,Baby Cauliflower,,2020-11-11 03:54:09.581465+00,2020-11-11 03:54:09.581465+00,
5,Parsnip Mousseline,,2020-11-11 03:54:09.581465+00,2020-11-11 03:54:09.581465+00,
6,Tuna,,2020-11-11 05:54:06.648808+00,2020-11-11 05:54:06.648808+00,
7,Radish,,2020-11-11 05:54:06.648808+00,2020-11-11 05:54:06.648808+00,
8,Wild Mustard,,2020-11-11 05:54:06.648808+00,2020-11-11 05:54:06.648808+00,
9,Purple Broccolini,,2020-11-11 05:54:06.648808+00,2020-11-11 05:54:06.648808+00,
10,Tatsoi Preserved Ginger Dressing,,2020-11-11 05:54:06.648808+00,2020-11-11 05:54:06.648808+00,
11,Arctic Char,,2020-11-11 06:04:41.04887+00,2020-11-11 06:04:41.04887+00,
12,White Asparagus,,2020-11-11 06:04:41.04887+00,2020-11-11 06:04:41.04887+00,
13,Chanterelle Mushroom,,2020-11-11 06:04:41.04887+00,2020-11-11 06:04:41.04887+00,
14,Sunchoke Mousse,,2020-11-11 06:04:41.04887+00,2020-11-11 06:04:41.04887+00,
15,White Truffle Dressing,,2020-11-23 21:38:28.79+00,2020-11-23 21:38:28.814002+00,
16,Manchego Cheese,,2020-11-23 21:38:28.79+00,2020-11-23 21:38:28.814002+00,
17,Celery Leaf,,2020-11-23 21:38:28.79+00,2020-11-23 21:38:28.814002+00,
18,Duck,,2020-11-23 22:13:11.736+00,2020-11-23 22:13:11.739414+00,
19,Anjou Pear,,2020-11-23 22:13:11.736+00,2020-11-23 22:13:11.739414+00,
20,Roasted Hazelnut,,2020-11-23 22:13:11.736+00,2020-11-23 22:13:11.739414+00,
21,Baby White Turnip,,2020-11-23 22:13:11.736+00,2020-11-23 22:13:11.739414+00,
22,White Port Aged Sherry Reduction,,2020-11-23 22:13:11.736+00,2020-11-23 22:13:11.739414+00,
23,Sea Scallop,,2020-11-23 22:43:17.373+00,2020-11-23 22:43:17.385881+00,
24,Broccolini,,2020-11-23 22:43:17.373+00,2020-11-23 22:43:17.385881+00,
25,Sunchoke Puree,,2020-11-23 22:43:17.373+00,2020-11-23 22:43:17.385881+00,
26,Black Garlic Vinaigrette,,2020-11-23 22:43:17.373+00,2020-11-23 22:43:17.385881+00,
27,Hamachi,,2020-11-24 00:28:35.17+00,2020-11-24 00:28:35.174784+00,
28,Thai Basil,,2020-11-24 00:28:35.17+00,2020-11-24 00:28:35.174784+00,
29,Preserved Ginger Sauce,,2020-11-24 00:28:35.17+00,2020-11-24 00:28:35.174784+00,
30,Avocado,,2020-11-24 00:28:35.17+00,2020-11-24 00:28:35.174784+00,
31,Lamb,,2020-11-30 02:28:17.799+00,2020-11-30 02:28:17.80637+00,
32,Rigatoni,,2020-11-30 02:28:17.799+00,2020-11-30 02:28:17.80637+00,
33,Shallot,,2020-11-30 02:28:17.799+00,2020-11-30 02:28:17.80637+00,
34,Parmesan Cheese,,2020-11-30 02:28:17.799+00,2020-11-30 02:28:17.80637+00,
35,Herbs,,2020-11-30 02:28:17.799+00,2020-11-30 02:28:17.80637+00,
64,Fuji Apple,,2021-01-10 20:36:40.792+00,2021-01-10 20:36:40.835304+00,
65,Creamy Farro,,2021-01-10 20:36:40.792+00,2021-01-10 20:36:40.835304+00,
66,Caramelized Shallot,,2021-01-10 20:36:40.792+00,2021-01-10 20:36:40.835304+00,
67,Truffle Jus,,2021-01-10 20:36:40.792+00,2021-01-10 20:36:40.835304+00,
68,Chicken,,2021-01-10 20:40:34.766+00,2021-01-10 20:40:34.777186+00,
69,Baby Radish,,2021-01-10 20:40:34.766+00,2021-01-10 20:40:34.777186+00,
70,Fingerling Potato,,2021-01-10 20:40:34.766+00,2021-01-10 20:40:34.777186+00,
71,Aleppo Pepper,,2021-01-10 20:44:59.871+00,2021-01-10 20:44:59.873275+00,
73,Salmon,,2021-01-10 20:51:49.064+00,2021-01-10 20:51:49.065942+00,
72,Green Papaya,,2021-01-10 20:44:59.871+00,2021-01-10 20:44:59.873275+00,
76,Spaghetti,,2021-01-10 21:02:42.56+00,2021-01-10 21:02:42.562137+00,
77,Chile Oil,,2021-01-10 21:02:42.56+00,2021-01-10 21:02:42.562137+00,
80,Baby Gem Lettuce,,2021-01-10 21:11:01.287+00,2021-01-10 21:11:01.289469+00,
81,Rice Wine Vinaigrette,,2021-01-10 21:11:01.287+00,2021-01-10 21:11:01.289469+00,
82,Cauliflower,,2021-01-10 21:12:49.313+00,2021-01-10 21:12:49.33394+00,
83,Black Garlic,,2021-01-10 21:12:49.313+00,2021-01-10 21:12:49.33394+00,
84,Toasted Almonds,,2021-01-10 21:12:49.313+00,2021-01-10 21:12:49.33394+00,
85,Oregano,,2021-01-10 21:12:49.313+00,2021-01-10 21:12:49.33394+00,
86,White Polenta,,2021-01-10 21:15:49.639+00,2021-01-10 21:15:49.640823+00,
87,Wild Mushrooms,,2021-01-10 21:15:49.639+00,2021-01-10 21:15:49.640823+00,
88,Mascarpone,,2021-01-10 21:15:49.639+00,2021-01-10 21:15:49.640823+00,
89,Spaccatelli,,2021-01-15 04:32:52.121405+00,2021-01-15 04:32:52.121405+00,
90,Hazelnut,,2021-01-15 04:32:52.121405+00,2021-01-15 04:32:52.121405+00,
91,Dover Sole,,2021-01-15 04:32:52.121405+00,2021-01-15 04:32:52.121405+00,
92,Garlic Chive,,2021-01-15 04:32:52.121405+00,2021-01-15 04:32:52.121405+00,
94,Fuji Apple Relish,,2021-01-15 04:40:04.187145+00,2021-01-15 04:40:04.187145+00,
95,Cilantro,,2021-02-13 01:58:26.39+00,2021-02-13 01:58:26.39158+00,
96,Mushroom,,2021-02-13 02:17:14.552+00,2021-02-13 02:17:14.553866+00,
97,Strawberries,,2021-02-13 02:19:41.031+00,2021-02-13 02:19:41.032737+00,
98,Clementines,,2021-02-13 02:20:03.462+00,2021-02-13 02:20:03.465981+00,
99,Citrus,,2021-02-13 02:20:35.68+00,2021-02-13 02:20:35.682251+00,
100,Cherry Tomatoes,,2021-02-13 02:34:58.901+00,2021-02-13 02:34:58.903579+00,
101,Roasted Pepper,,2021-02-13 02:34:58.901+00,2021-02-13 02:34:58.903579+00,
102,Spinach,,2021-02-13 02:34:58.901+00,2021-02-13 02:34:58.903579+00,
103,Yogurt,,2021-03-17 16:37:40.62377+00,2021-03-17 16:37:40.62377+00,
104,Blueberries,,2021-03-17 16:37:40.62377+00,2021-03-17 16:37:40.62377+00,
106,Organic Granola,,2021-03-17 16:37:40.62377+00,2021-03-17 16:37:40.62377+00,
105,Pistachios,,2021-03-17 16:37:40.62377+00,2021-03-17 16:37:40.62377+00,
107,Pastured Organic Chicken Thighs,,2021-04-30 19:38:55.253+00,2021-04-30 19:38:55.254262+00,
108,Apple Cider Vinegar,,2021-04-30 19:38:55.253+00,2021-04-30 19:38:55.254262+00,
109,Tomato Paste,,2021-04-30 19:38:55.253+00,2021-04-30 19:38:55.254262+00,
110,Cinnamon,,2021-04-30 19:38:55.253+00,2021-04-30 19:38:55.254262+00,
111,Ancho Chile,,2021-04-30 19:38:55.253+00,2021-04-30 19:38:55.254262+00,
112,Grass-fed Beef,,2021-04-30 19:49:17.971+00,2021-04-30 19:49:17.972761+00,
113,Pearl Onions,,2021-04-30 19:49:17.971+00,2021-04-30 19:49:17.972761+00,
114,Red Wine Vinegar,,2021-04-30 19:49:17.971+00,2021-04-30 19:49:17.972761+00,
115,Lime,,2021-04-30 19:49:17.971+00,2021-04-30 19:49:17.972761+00,
116,Garlic,,2021-04-30 19:49:17.971+00,2021-04-30 19:49:17.972761+00,
117,Parsley,,2021-04-30 19:49:17.971+00,2021-04-30 19:49:17.972761+00,
118,Dill,,2021-04-30 19:49:17.971+00,2021-04-30 19:49:17.972761+00,
119,Red Pepper Flake,,2021-04-30 19:49:17.971+00,2021-04-30 19:49:17.972761+00,
120,Free Range Organic Eggs,,2021-05-01 15:35:32.792+00,2021-05-01 15:35:32.802191+00,
121,Grass-fed Butter,,2021-05-01 15:35:32.792+00,2021-05-01 15:35:32.802191+00,
122,Organic Milk,,2021-05-01 15:35:32.792+00,2021-05-01 15:35:32.802191+00,
123,Heirloom Carrots,,2021-05-05 16:26:33.196+00,2021-05-05 16:26:33.209162+00,
124,Onion Soubise,,2021-05-05 16:26:33.196+00,2021-05-05 16:26:33.209162+00,
125,Local New Potatoes,,2021-05-05 16:27:32.205+00,2021-05-05 16:27:32.212322+00,
126,Gotham Greens Gem Lettuce,,2021-05-05 16:28:37.888+00,2021-05-05 16:28:37.893514+00,
127,Sunflower Seeds,,2021-05-05 16:28:37.888+00,2021-05-05 16:28:37.893514+00,
128,Dark Rye Breadcrumbs,,2021-05-05 16:28:37.888+00,2021-05-05 16:28:37.893514+00,
129,Vegan Herb Yogurt Dressing,,2021-05-05 16:28:37.888+00,2021-05-05 16:28:37.893514+00,
130,Wild Gulf Shrimp,,2021-05-05 16:30:41.569+00,2021-05-05 16:30:41.576435+00,
131,Spice Rub,,2021-05-05 16:30:41.569+00,2021-05-05 16:30:41.576435+00,
132,Pastured Organic Chicken Breasts ,,2021-05-05 16:31:39.783+00,2021-05-05 16:31:39.787766+00,
133,Organic Buttermilk,,2021-05-05 16:31:39.783+00,2021-05-05 16:31:39.787766+00,
134,Rosemary,,2021-05-05 16:31:39.783+00,2021-05-05 16:31:39.787766+00,
135,Thyme,,2021-05-05 16:31:39.783+00,2021-05-05 16:31:39.787766+00,
136,Sage,,2021-05-05 16:31:39.783+00,2021-05-05 16:31:39.787766+00,
137,Asparagus,,2021-05-05 16:32:29.276+00,2021-05-05 16:32:29.299467+00,
138,Lemon Juice,,2021-05-05 16:32:29.276+00,2021-05-05 16:32:29.299467+00,
139,Lemon Zest,,2021-05-05 16:32:29.276+00,2021-05-05 16:32:29.299467+00,
140,Whole Wheat Linguine,,2021-05-05 16:33:36.484+00,2021-05-05 16:33:36.490233+00,
141,Leek,,2021-05-05 16:33:36.484+00,2021-05-05 16:33:36.490233+00,
142,Green Onion,,2021-05-05 16:33:36.484+00,2021-05-05 16:33:36.490233+00,
143,Pine Nuts,,2021-05-05 16:33:36.484+00,2021-05-05 16:33:36.490233+00,
144,Pecorino,,2021-05-05 16:33:36.484+00,2021-05-05 16:33:36.490233+00,
145,Farm Greens,,2021-05-05 16:35:02.718+00,2021-05-05 16:35:02.723977+00,
146,Navel Orange,,2021-05-05 16:35:02.718+00,2021-05-05 16:35:02.723977+00,
147,Organic White Grapefruit,,2021-05-05 16:35:02.718+00,2021-05-05 16:35:02.723977+00,
148,Cucumber,,2021-05-05 16:35:02.718+00,2021-05-05 16:35:02.723977+00,
149,Mint,,2021-05-05 16:35:02.718+00,2021-05-05 16:35:02.723977+00,
150,Orange Vinaigrette,,2021-05-05 16:35:02.718+00,2021-05-05 16:35:02.723977+00,
151,Gigante Beans,,2021-05-05 16:36:15.829+00,2021-05-05 16:36:15.835547+00,
152,Baby Artichoke,,2021-05-05 16:36:15.829+00,2021-05-05 16:36:15.835547+00,
153,Red Pepper,,2021-05-05 16:36:15.829+00,2021-05-05 16:36:15.835547+00,
154,Fresh Basil,,2021-05-05 16:36:15.829+00,2021-05-05 16:36:15.835547+00,
155,Arugula,,2021-05-05 16:36:15.829+00,2021-05-05 16:36:15.835547+00,
156,Basil Oil,,2021-05-05 16:36:15.829+00,2021-05-05 16:36:15.835547+00,
157,Shewolf Sourdough Miche,,2021-05-05 16:37:09.496+00,2021-05-05 16:37:09.501919+00,
158,Sourdough Brioche,,2021-05-05 16:42:48.907+00,2021-05-05 16:42:48.922813+00,
159,Organic Blueberries,,2021-05-05 16:42:48.907+00,2021-05-05 16:42:48.922813+00,
160,Organic Cream,,2021-05-05 16:42:48.907+00,2021-05-05 16:42:48.922813+00,
161,Vanilla Extract,,2021-05-05 16:42:48.907+00,2021-05-05 16:42:48.922813+00,
162,Maple Syrup,,2021-05-05 16:42:48.914+00,2021-05-05 16:42:48.922813+00,
163,Pastured Bacon,,2021-05-05 16:43:19.961+00,2021-05-05 16:43:19.96686+00,
167,Chia Seeds,,2021-05-05 16:50:48.305+00,2021-05-05 16:50:48.312966+00,
168,Coconut Milk,,2021-05-05 16:50:48.305+00,2021-05-05 16:50:48.312966+00,
169,Shredded Coconut,,2021-05-05 16:50:48.305+00,2021-05-05 16:50:48.312966+00,
170,Organic Matcha Powder,,2021-05-05 16:50:48.305+00,2021-05-05 16:50:48.312966+00,
171,Organic Kiwi,,2021-05-05 16:50:48.305+00,2021-05-05 16:50:48.312966+00,
172,Organic Bananas,,2021-05-05 16:52:06.236+00,2021-05-05 16:52:06.247008+00,
173,Organic Strawberries,,2021-05-05 16:52:06.236+00,2021-05-05 16:52:06.247008+00,
174,Organic Blackberries,,2021-05-05 16:52:06.236+00,2021-05-05 16:52:06.247008+00,
175,Kalamata Olives,,2021-05-05 16:53:44.512+00,2021-05-05 16:53:44.51722+00,
176,Chopped Spinach,,2021-05-05 16:53:44.512+00,2021-05-05 16:53:44.51722+00,
177,Feta Cheese,,2021-05-05 16:53:44.512+00,2021-05-05 16:53:44.51722+00,
178,Red Onion,,2021-05-05 16:53:44.512+00,2021-05-05 16:53:44.51722+00,
179,Organic Whole Wheat Pita,,2021-05-05 16:54:52.998+00,2021-05-05 16:54:53.003076+00,
180,Organic Labne,,2021-05-05 16:54:52.998+00,2021-05-05 16:54:53.003076+00,
181,Tomato,,2021-05-05 16:55:47.46+00,2021-05-05 16:55:47.464215+00,
182,Fresh Mint,,2021-05-05 16:55:47.46+00,2021-05-05 16:55:47.464215+00,
183,Organic Mango,,2021-05-05 16:56:46.157+00,2021-05-05 16:56:46.16205+00,
184,Atlantic Farms Salmon,,2021-05-06 23:18:57.818+00,2021-05-06 23:18:57.822532+00,
185,Fresh Dill,,2021-05-06 23:18:57.818+00,2021-05-06 23:18:57.822532+00,
186,Lemon,,2021-05-06 23:18:57.818+00,2021-05-06 23:18:57.822532+00,
187,"Pino's Pastured Lamb Sausage",,2021-05-06 23:20:01.421+00,2021-05-06 23:20:01.426999+00,
188,Cumin,,2021-05-06 23:20:01.421+00,2021-05-06 23:20:01.426999+00,
189,Paprika,,2021-05-06 23:20:01.421+00,2021-05-06 23:20:01.426999+00,
190,Brooklyn Grange Cauliflower,,2021-05-06 23:20:54.782+00,2021-05-06 23:20:54.785741+00,
191,"Za'atar",,2021-05-06 23:20:54.782+00,2021-05-06 23:20:54.785741+00,
192,Organic Sweet Potatoes,,2021-05-06 23:21:52.43+00,2021-05-06 23:21:52.434758+00,
193,Organic Tahini,,2021-05-06 23:21:52.43+00,2021-05-06 23:21:52.434758+00,
194,Nutmeg,,2021-05-06 23:21:52.43+00,2021-05-06 23:21:52.434758+00,
195,Sesame Seeds,,2021-05-06 23:21:52.43+00,2021-05-06 23:21:52.434758+00,
196,Pomegranate Seeds,,2021-05-06 23:21:52.43+00,2021-05-06 23:21:52.434758+00,
197,Gotham Greens Ugly Greens,,2021-05-06 23:23:17.743+00,2021-05-06 23:23:17.746555+00,
198,Radicchio,,2021-05-06 23:23:17.743+00,2021-05-06 23:23:17.746555+00,
199,Beefsteak Tomatoes,,2021-05-06 23:23:17.743+00,2021-05-06 23:23:17.746555+00,
200,Shewolf Sourdough Croutons,,2021-05-06 23:23:17.743+00,2021-05-06 23:23:17.746555+00,
201,Greek Vinaigrette,,2021-05-06 23:23:17.743+00,2021-05-06 23:23:17.746555+00,
202,Organic Garbanzo Beans,,2021-05-06 23:24:20.292+00,2021-05-06 23:24:20.295679+00,
203,Apricots,,2021-05-06 23:24:20.292+00,2021-05-06 23:24:20.295679+00,
204,Chili Flakes,,2021-05-06 23:24:20.292+00,2021-05-06 23:24:20.295679+00,
205,Carrot,,2021-05-06 23:24:20.292+00,2021-05-06 23:24:20.295679+00,
206,Greek Yogurt,,2021-05-06 23:25:09.233+00,2021-05-06 23:25:09.237287+00,
207,Acme Smoked Salmon,,2021-05-06 23:32:53.472+00,2021-05-06 23:32:53.478144+00,
208,Hard Boiled Free Range Eggs,,2021-05-06 23:32:53.472+00,2021-05-06 23:32:53.478144+00,
209,Capers,,2021-05-06 23:32:53.472+00,2021-05-06 23:32:53.478144+00,
210,Sliced Tomato,,2021-05-06 23:32:53.472+00,2021-05-06 23:32:53.478144+00,
211,Lemon Wedge,,2021-05-06 23:32:53.472+00,2021-05-06 23:32:53.478144+00,
212,Pea Sprouts,,2021-05-06 23:32:53.472+00,2021-05-06 23:32:53.478144+00,
213,Plain Bagel,,2021-05-06 23:36:10.46+00,2021-05-06 23:36:10.463755+00,
214,Sesame Bagel,,2021-05-06 23:36:10.46+00,2021-05-06 23:36:10.463755+00,
215,Everything Bagel,,2021-05-06 23:36:10.46+00,2021-05-06 23:36:10.463755+00,
216,Pumpernickel Everything Bagel,,2021-05-06 23:36:10.46+00,2021-05-06 23:36:10.463755+00,
217,Pasteurized Milk,,2021-05-06 23:37:19.128+00,2021-05-06 23:37:19.131689+00,
218,Pasteurized Cream,,2021-05-06 23:37:19.128+00,2021-05-06 23:37:19.131689+00,
219,Cheese Culture,,2021-05-06 23:37:19.128+00,2021-05-06 23:37:19.131689+00,
220,Carob Bean Gum,,2021-05-06 23:37:19.128+00,2021-05-06 23:37:19.131689+00,
221,Mixed Vegetables,,2021-05-06 23:37:19.128+00,2021-05-06 23:37:19.131689+00,
222,Chive,,2021-05-06 23:37:19.128+00,2021-05-06 23:37:19.131689+00,
223,Mixed Herbs,,2021-05-06 23:37:19.128+00,2021-05-06 23:37:19.131689+00,
224,Tofu,,2021-05-06 23:38:05.546+00,2021-05-06 23:38:05.552288+00,
225,Scallion,,2021-05-06 23:38:05.546+00,2021-05-06 23:38:05.552288+00,
226,Honeydew Melon,,2021-05-06 23:38:45.944+00,2021-05-06 23:38:45.94737+00,
227,Orange,,2021-05-06 23:38:45.944+00,2021-05-06 23:38:45.94737+00,
228,Wild Swordfish,,2021-05-07 00:42:28.169+00,2021-05-07 00:42:28.175038+00,
229,Wax Beans,,2021-05-07 00:42:28.169+00,2021-05-07 00:42:28.175038+00,
230,Soft Boiled Pastured Eggs,,2021-05-07 00:42:28.169+00,2021-05-07 00:42:28.175038+00,
231,Butter Lettuce,,2021-05-07 00:42:28.169+00,2021-05-07 00:42:28.175038+00,
232,Honey,,2021-05-07 00:42:28.169+00,2021-05-07 00:42:28.175038+00,
233,Evoo,,2021-05-07 00:42:28.169+00,2021-05-07 00:42:28.175038+00,
234,Pastured Pork Chops,,2021-05-07 00:43:30.828+00,2021-05-07 00:43:30.832521+00,
235,Worcestershire,,2021-05-07 00:43:30.828+00,2021-05-07 00:43:30.832521+00,
236,Ginger,,2021-05-07 00:43:30.828+00,2021-05-07 00:43:30.832521+00,
237,Sherry,,2021-05-07 00:43:30.828+00,2021-05-07 00:43:30.832521+00,
238,Rice Wine Vinegar,,2021-05-07 00:43:30.828+00,2021-05-07 00:43:30.832521+00,
239,Local Organic Red Beets,,2021-05-07 00:44:22.496+00,2021-05-07 00:44:22.500585+00,
240,Candy Cane Beets,,2021-05-07 00:44:22.496+00,2021-05-07 00:44:22.500585+00,
241,Fresh Horseradish Vinaigrette,,2021-05-07 00:44:22.496+00,2021-05-07 00:44:22.500585+00,
242,Moroccan Couscous,,2021-05-07 00:45:06.252+00,2021-05-07 00:45:06.256351+00,
243,Organic Green Peas,,2021-05-07 00:45:06.252+00,2021-05-07 00:45:06.256351+00,
244,Coriander,,2021-05-07 00:45:06.252+00,2021-05-07 00:45:06.256351+00,
245,Gotham Greens Romaine,,2021-05-07 00:46:20.844+00,2021-05-07 00:46:20.847213+00,
246,Green Goddess Dressing,,2021-05-07 00:46:20.844+00,2021-05-07 00:46:20.847213+00,
247,Hudson Farms Local Parsnips,,2021-05-07 00:47:07.694+00,2021-05-07 00:47:07.702551+00,
248,Local Sunchokes,,2021-05-07 00:47:07.694+00,2021-05-07 00:47:07.702551+00,
249,Caraway,,2021-05-07 00:47:07.694+00,2021-05-07 00:47:07.702551+00,
250,Fennel,,2021-05-07 00:47:07.694+00,2021-05-07 00:47:07.702551+00,
251,Sunflower Seed Puree,,2021-05-07 00:47:07.694+00,2021-05-07 00:47:07.702551+00,
252,Upstate Orchards Gala Apples,,2021-05-07 00:47:57.463+00,2021-05-07 00:47:57.467526+00,
253,Canadian Maple Syrup,,2021-05-07 00:47:57.463+00,2021-05-07 00:47:57.467526+00,
254,Corn Tortilla,,2021-05-07 00:50:14.009+00,2021-05-07 00:50:14.013742+00,
255,Cheddar Cheese,,2021-05-07 00:50:14.009+00,2021-05-07 00:50:14.013742+00,
256,Red Bell Pepper,,2021-05-07 00:50:14.009+00,2021-05-07 00:50:14.013742+00,
257,Green Bell Pepper,,2021-05-07 00:50:14.009+00,2021-05-07 00:50:14.013742+00,
258,"Pino's Pastured Breakfast Sausage Crumble",,2021-05-07 00:51:00.018+00,2021-05-07 00:51:00.032613+00,
259,Peanut Butter,,2021-05-07 00:51:41.813+00,2021-05-07 00:51:41.81911+00,
260,Organic Raspberries,,2021-05-07 00:51:41.813+00,2021-05-07 00:51:41.81911+00,
261,Organic Onion,,2021-05-07 00:52:42.058+00,2021-05-07 00:52:42.061895+00,
262,Chili Pepper,,2021-05-07 00:52:42.058+00,2021-05-07 00:52:42.061895+00,
263,Jicama,,2021-05-07 00:53:13.94+00,2021-05-07 00:53:13.944163+00,
264,Fresh Pear,,2021-05-07 00:53:13.94+00,2021-05-07 00:53:13.944163+00,
265,Grapes,,2021-05-07 00:53:13.94+00,2021-05-07 00:53:13.944163+00,
296,Peaches,,2021-07-12 19:06:19.851+00,2021-07-12 19:06:19.854243+00,
297,Oats,,2021-07-12 19:06:19.851+00,2021-07-12 19:06:19.854243+00,
298,Almond Milk,,2021-07-12 19:06:19.851+00,2021-07-12 19:06:19.854243+00,
299,Fresh Parsley,,2021-07-12 19:12:04.842+00,2021-07-12 19:12:04.843403+00,
300,She Wolf Sourdough Bread,,2021-07-12 19:18:59.291+00,2021-07-12 19:18:59.293081+00,
301,Hot Sauce,,2021-07-12 19:20:10.585+00,2021-07-12 19:20:10.587021+00,
302,Thai Green Curry Paste,,2021-07-12 19:31:23.698+00,2021-07-12 19:31:23.69933+00,
303,Tempeh,,2021-07-23 21:24:22.445+00,2021-07-23 21:24:22.44903+00,
304,Onion Powder,,2021-07-23 21:24:22.445+00,2021-07-23 21:24:22.44903+00,
306,Red Miso,,2021-07-23 21:46:48.833+00,2021-07-23 21:46:48.837558+00,
307,Tamari,,2021-07-23 21:46:48.833+00,2021-07-23 21:46:48.837558+00,
308,Edamame,,2021-07-23 21:46:48.833+00,2021-07-23 21:46:48.837558+00,
309,"Pino's Chicken Breasts",,2021-07-23 21:48:11.466+00,2021-07-23 21:48:11.470795+00,
310,Cashews,,2021-07-23 21:48:11.466+00,2021-07-23 21:48:11.470795+00,
311,Sesame Oil,,2021-07-23 21:48:11.466+00,2021-07-23 21:48:11.470795+00,
312,Frisee,,2021-07-23 21:48:11.466+00,2021-07-23 21:48:11.470795+00,
326,"Pino's Free Range Turkey Sausage",,2021-07-26 15:45:43.458+00,2021-07-26 15:45:43.461034+00,
327,Yukon Gold Potatoes,,2021-07-26 15:47:29.615+00,2021-07-26 15:47:29.617608+00,
328,Cultured Butter,,2021-07-26 15:47:29.615+00,2021-07-26 15:47:29.617608+00,
329,Gruyere,,2021-07-26 15:47:29.615+00,2021-07-26 15:47:29.617608+00,
330,Whole Milk,,2021-07-26 15:47:29.615+00,2021-07-26 15:47:29.617608+00,
331,Almond Butter,,2021-07-26 15:51:19.997+00,2021-07-26 15:51:19.99995+00,
332,Canteloupe Slices,,2021-07-26 15:59:00.696+00,2021-07-26 15:59:00.699075+00,
333,Watermelon Slices,,2021-07-26 15:59:00.696+00,2021-07-26 15:59:00.699075+00,
334,She Wolf Toasted Sesame Wheat Bread,,2021-07-26 16:00:08.116+00,2021-07-26 16:00:08.118762+00,
335,Vegetable Broth,,2021-07-26 16:03:19.047+00,2021-07-26 16:03:19.050672+00,
336,Fresh Tarragon,,2021-07-26 16:06:03.649+00,2021-07-26 16:06:03.652202+00,
337,Fresh Chives,,2021-07-26 16:06:03.649+00,2021-07-26 16:06:03.652202+00,
338,Chickpeas,,2021-07-26 16:15:50.345+00,2021-07-26 16:15:50.348073+00,
339,Yellow Squash,,2021-07-26 16:15:50.345+00,2021-07-26 16:15:50.348073+00,
340,Zucchini,,2021-07-26 16:15:50.345+00,2021-07-26 16:15:50.348073+00,
341,Flaky Salt,,2021-07-26 16:15:50.345+00,2021-07-26 16:15:50.348073+00,
342,Balsamic Vinegar,,2021-07-26 16:17:26.772+00,2021-07-26 16:17:26.77521+00,
343,Orange Zest,,2021-07-26 16:17:26.772+00,2021-07-26 16:17:26.77521+00,
344,Gnocchi,,2021-07-26 16:19:00.357+00,2021-07-26 16:19:00.360212+00,
345,Heirloom Tomatoes,,2021-07-26 16:21:05.341+00,2021-07-26 16:21:05.345508+00,
346,Bowery Farming Radicchio,,2021-07-26 16:21:05.341+00,2021-07-26 16:21:05.345508+00,
347,Endive,,2021-07-26 16:21:05.341+00,2021-07-26 16:21:05.345508+00,
348,Balsamic,,2021-07-26 16:21:05.341+00,2021-07-26 16:21:05.345508+00,
349,Dijon Mustard,,2021-07-26 16:21:05.341+00,2021-07-26 16:21:05.345508+00,
350,Crushed Black Pepper,,2021-07-26 16:21:05.341+00,2021-07-26 16:21:05.345508+00,
351,Salt,,2021-07-26 16:21:05.341+00,2021-07-26 16:21:05.345508+00,
352,Plum Tomatoes,,2021-07-26 16:51:03.951+00,2021-07-26 16:51:03.953455+00,
353,Cayenne Pepper,,2021-07-26 16:51:03.951+00,2021-07-26 16:51:03.953455+00,
354,Pineapple,,2021-07-26 16:53:10.601+00,2021-07-26 16:53:10.604252+00,
355,Lump Crab,,2021-07-26 16:58:14.217+00,2021-07-26 16:58:14.219029+00,
356,Panko,,2021-07-26 16:58:14.217+00,2021-07-26 16:58:14.219029+00,
357,Partners Coffee,,2021-07-26 16:59:57.808+00,2021-07-26 16:59:57.810214+00,
358,"Pino's Flank Steak",,2021-07-26 16:59:57.808+00,2021-07-26 16:59:57.810214+00,
359,Dark Brown Sugar,,2021-07-26 16:59:57.808+00,2021-07-26 16:59:57.810214+00,
360,Smoked Paprika,,2021-07-26 16:59:57.808+00,2021-07-26 16:59:57.810214+00,
361,Ground Coriander,,2021-07-26 16:59:57.808+00,2021-07-26 16:59:57.810214+00,
366,Broccoli Rabe,,2021-07-26 17:03:54.105+00,2021-07-26 17:03:54.107458+00,
367,Roasted Lemons,,2021-07-26 17:03:54.105+00,2021-07-26 17:03:54.107458+00,
368,Bowery Farms Baby Kale,,2021-07-26 17:05:07.086+00,2021-07-26 17:05:07.089337+00,
369,Pepitas,,2021-07-26 17:05:07.086+00,2021-07-26 17:05:07.089337+00,
370,Shaved Carrots,,2021-07-26 17:05:07.086+00,2021-07-26 17:05:07.089337+00,
371,"Sir Kensington's Vegan Mayonnaise",,2021-07-26 17:10:26.018+00,2021-07-26 17:10:26.020372+00,
372,Halloumi,,2021-07-26 17:13:20.278+00,2021-07-26 17:13:20.280668+00,
373,Onion Chives,,2021-07-26 17:15:25.202+00,2021-07-26 17:15:25.204019+00,
374,Cacao,,2021-07-26 17:16:40.235+00,2021-07-26 17:16:40.237641+00,
375,Flaxseeds,,2021-07-26 17:16:40.235+00,2021-07-26 17:16:40.237641+00,
376,Plums,,2021-07-26 17:18:17.288+00,2021-07-26 17:18:17.289803+00,
377,Watermelon,,2021-07-26 17:18:17.288+00,2021-07-26 17:18:17.289803+00,
378,Avocado Mash,,2021-07-26 17:19:35.78+00,2021-07-26 17:19:35.782109+00,
379,"Pino's Chicken Wings",,2021-07-26 17:35:23.404+00,2021-07-26 17:35:23.406241+00,
380,Yellow Bell Peppers,,2021-07-26 17:41:56.745+00,2021-07-26 17:41:56.746776+00,
381,Bbq Sauce,,2021-07-26 17:41:56.745+00,2021-07-26 17:41:56.746776+00,
382,Grownyc Corn,,2021-07-26 17:43:10.614+00,2021-07-26 17:43:10.615927+00,
383,Shredded Purple Cabbage,,2021-07-26 17:45:30.27+00,2021-07-26 17:45:30.272725+00,
384,Shredded Cabbage,,2021-07-26 17:45:30.27+00,2021-07-26 17:45:30.272725+00,
385,Mustard Seeds,,2021-07-26 17:45:30.27+00,2021-07-26 17:45:30.272725+00,
386,Celery Seeds,,2021-07-26 17:45:30.27+00,2021-07-26 17:45:30.272725+00,
387,Grownyc Nectarines,,2021-07-26 18:04:40.515+00,2021-07-26 18:04:40.5166+00,
388,She Wolf Multigrain Pullman Bread,,2021-07-26 18:05:26.906+00,2021-07-26 18:05:26.907406+00,
389,"Pino's Ground Lamb",,2021-07-26 18:32:30.401+00,2021-07-26 18:32:30.402671+00,
390,"Pino's Chicken Thighs",,2021-07-26 18:36:55.422+00,2021-07-26 18:36:55.423756+00,
391,Harissa,,2021-07-26 18:36:55.422+00,2021-07-26 18:36:55.423756+00,
394,Grownyc Cauliflower,,2021-07-26 18:51:54.274+00,2021-07-26 18:51:54.27539+00,
395,Pearl Couscous,,2021-07-26 18:53:01.873+00,2021-07-26 18:53:01.874487+00,
396,Turmeric,,2021-07-26 18:53:01.873+00,2021-07-26 18:53:01.874487+00,
397,Hothouse Cucumbers,,2021-07-26 18:56:08.223+00,2021-07-26 18:56:08.224738+00,
398,Bowery Fresh Dill,,2021-07-26 18:56:08.223+00,2021-07-26 18:56:08.224738+00,
399,Grownyc Apples,,2021-07-26 20:59:08.652+00,2021-07-26 20:59:08.654594+00,
400,Grownyc Blueberries,,2021-07-26 20:59:08.652+00,2021-07-26 20:59:08.654594+00,
401,Ricotta,,2021-07-26 21:21:57.06+00,2021-07-26 21:21:57.062356+00,
402,Strawberry Jam,,2021-07-26 21:21:57.06+00,2021-07-26 21:21:57.062356+00,
403,Whole Roasted Garlic,,2021-07-26 21:35:26.018+00,2021-07-26 21:35:26.020393+00,
404,Porcini Mushrooms,,2021-07-27 14:34:32.149+00,2021-07-27 14:34:32.151771+00,
405,Black Beans,,2021-07-27 14:34:32.149+00,2021-07-27 14:34:32.151771+00,
406,Green Beans,,2021-07-27 14:36:00.89+00,2021-07-27 14:36:00.892925+00,
407,Gemelli Pasta,,2021-07-27 14:37:17.587+00,2021-07-27 14:37:17.590057+00,
408,Grownyc Beets,,2021-07-27 14:39:26.052+00,2021-07-27 14:39:26.054593+00,
409,Grownyc Gold Beets,,2021-07-27 14:39:26.052+00,2021-07-27 14:39:26.054593+00,
410,Bowery Arugula,,2021-07-27 14:39:26.052+00,2021-07-27 14:39:26.054593+00,
411,"Pino's Ground Chicken",,2021-07-27 14:58:33.094+00,2021-07-27 14:58:33.096778+00,
412,Hemp Seeds,,2021-07-27 15:00:43.681+00,2021-07-27 15:00:43.683271+00,
413,Grownyc Apricots,,2021-07-27 15:01:46.245+00,2021-07-27 15:01:46.246987+00,
414,Roasted Red Peppers,,2021-07-27 15:02:52.18+00,2021-07-27 15:02:52.182509+00,
415,Fresh Cilantro,,2021-07-27 15:02:52.18+00,2021-07-27 15:02:52.182509+00,
416,Skirt Steak,,2021-07-27 15:31:16.092+00,2021-07-27 15:31:16.094485+00,
417,Fish Sauce,,2021-07-27 15:31:16.092+00,2021-07-27 15:31:16.094485+00,
418,Lime Zest,,2021-07-27 15:31:16.092+00,2021-07-27 15:31:16.094485+00,
419,Orange Juice,,2021-07-27 15:31:16.092+00,2021-07-27 15:31:16.094485+00,
420,Jalape√±o,,2021-07-27 15:31:16.092+00,2021-07-27 15:31:16.094485+00,
421,Ahi Tuna,,2021-07-27 15:38:37.28+00,2021-07-27 15:38:37.282671+00,
422,Black Sesame Seeds,,2021-07-27 15:38:37.28+00,2021-07-27 15:38:37.282671+00,
423,White Sesame Seeds,,2021-07-27 15:38:37.28+00,2021-07-27 15:38:37.282671+00,
424,Japanese Eggplant,,2021-07-27 15:40:35.991+00,2021-07-27 15:40:35.992491+00,
425,Crumbled Tempeh,,2021-07-27 15:40:35.991+00,2021-07-27 15:40:35.992491+00,
426,Snap Peas,,2021-07-27 15:53:04.713+00,2021-07-27 15:53:04.715848+00,
427,Toasted Peanuts,,2021-07-27 15:53:04.713+00,2021-07-27 15:53:04.715848+00,
428,Vermicelli Rice Noodles,,2021-07-27 16:06:23.882+00,2021-07-27 16:06:23.885863+00,
429,Red Curry Paste,,2021-07-27 16:06:23.882+00,2021-07-27 16:06:23.885863+00,
430,Ginger ,,2021-07-27 16:06:23.882+00,2021-07-27 16:06:23.885863+00,
431,Scallions,,2021-07-27 16:06:23.882+00,2021-07-27 16:06:23.885863+00,
432,Bowery Mesclun,,2021-07-27 16:07:51.492+00,2021-07-27 16:07:51.495058+00,
433,Shaved Radishes,,2021-07-27 16:07:51.492+00,2021-07-27 16:07:51.495058+00,
434,Ginger Vinaigrette,,2021-07-27 16:07:51.492+00,2021-07-27 16:07:51.495058+00,
435,Chorizo,,2021-07-27 16:30:09.37+00,2021-07-27 16:30:09.373119+00,
436,Diced Tomatoes,,2021-07-27 16:32:00.507+00,2021-07-27 16:32:00.509349+00,
437,Diced Onions,,2021-07-27 16:32:00.507+00,2021-07-27 16:32:00.509349+00,
438,Fresh Chopped Cilantro,,2021-07-27 16:32:00.507+00,2021-07-27 16:32:00.509349+00,
439,Toasted Coconut Flakes,,2021-07-27 16:33:24.727+00,2021-07-27 16:33:24.729899+00,
440,Papaya,,2021-07-27 16:34:46.004+00,2021-07-27 16:34:46.006527+00,
441,Lime Juice,,2021-07-27 16:38:22.993+00,2021-07-27 16:38:22.995738+00,
442,Castelvetrano Olives,,2021-07-27 18:47:07.035+00,2021-07-27 18:47:07.037133+00,
443,Grilled Zucchini,,2021-07-27 18:47:07.035+00,2021-07-27 18:47:07.037133+00,
444,Castelvetrano Olive Brine,,2021-07-27 18:47:07.035+00,2021-07-27 18:47:07.037133+00,
445,Bowery Parsley,,2021-07-27 18:47:07.035+00,2021-07-27 18:47:07.037133+00,
446,Sumac,,2021-07-27 18:48:25.159+00,2021-07-27 18:48:25.161293+00,
447,Marinated Artichokes,,2021-07-27 18:49:33.993+00,2021-07-27 18:49:33.994944+00,
448,Orzo,,2021-07-27 18:52:13.633+00,2021-07-27 18:52:13.634944+00,
449,Diced Heirloom Tomatoes,,2021-07-27 18:52:13.633+00,2021-07-27 18:52:13.634944+00,
450,"Sheep's Milk Feta",,2021-07-27 18:52:13.633+00,2021-07-27 18:52:13.634944+00,
451,Sunflower Sprouts,,2021-07-27 18:53:21.312+00,2021-07-27 18:53:21.313722+00,
452,Fresh Peaches,,2021-07-27 18:53:21.312+00,2021-07-27 18:53:21.313722+00,
453,Balsamic Vinaigrette,,2021-07-27 18:53:21.312+00,2021-07-27 18:53:21.313722+00,
454,Grape Tomatoes,,2021-07-27 20:00:52.47+00,2021-07-27 20:00:52.470581+00,
455,Canteloupe,,2021-07-27 20:02:47.172+00,2021-07-27 20:02:47.17334+00,
456,Platte Creek Maple Syrup,,2021-07-27 20:15:34.832+00,2021-07-27 20:15:34.832614+00,
457,Whole Milk Yogurt,,2021-07-27 20:54:37.997+00,2021-07-27 20:54:37.998018+00,
458,Garam Masala,,2021-07-27 20:54:37.997+00,2021-07-27 20:54:37.998018+00,
459,Ground Cumin,,2021-07-27 20:54:37.997+00,2021-07-27 20:54:37.998018+00,
460,Ghee,,2021-07-27 20:54:37.997+00,2021-07-27 20:54:37.998018+00,
461,Yellow Onion,,2021-07-27 20:54:37.997+00,2021-07-27 20:54:37.998018+00,
462,Swiss Chard,,2021-07-27 21:44:23.988+00,2021-07-27 21:44:23.988941+00,
464,Brown Basmati Rice,,2021-07-27 21:52:30.49+00,2021-07-27 21:52:30.490885+00,
465,Cumin Seeds,,2021-07-27 21:52:30.49+00,2021-07-27 21:52:30.490885+00,
466,Pickled Red Onion,,2021-07-27 21:52:30.49+00,2021-07-27 21:52:30.490885+00,
467,Naan Bread,,2021-07-27 21:53:56.07+00,2021-07-27 21:53:56.071229+00,
468,Turkey Bacon,,2021-07-28 14:18:20.895+00,2021-07-28 14:18:20.907615+00,
469,Bowery Farming Basil,,2021-07-28 14:28:52.985+00,2021-07-28 14:28:52.987564+00,
470,Oranges,,2021-07-28 14:31:05.323+00,2021-07-28 14:31:05.325626+00,
471,Old Bay Seasoning ,,2021-07-28 15:04:11.042+00,2021-07-28 15:04:11.044628+00,
472,Shallots,,2021-07-28 15:39:46.418+00,2021-07-28 15:39:46.420547+00,
473,Bowery Farming Romaine,,2021-07-28 15:49:25.836+00,2021-07-28 15:49:25.83858+00,
474,Microgreens,,2021-07-28 15:49:25.836+00,2021-07-28 15:49:25.83858+00,
475,Down East Seafood Branzino,,2021-08-19 15:50:44.878+00,2021-08-19 15:50:44.915059+00,
476,Marcona Almonds,,2021-08-19 15:50:44.878+00,2021-08-19 15:50:44.915059+00,
477,Tri-color Quinoa,,2021-08-19 15:53:50.979+00,2021-08-19 15:53:50.981791+00,
478,Roasted Tempeh,,2021-08-19 15:53:50.979+00,2021-08-19 15:53:50.981791+00,
479,Diced Cucumber,,2021-08-19 15:53:50.979+00,2021-08-19 15:53:50.981791+00,
480,Baby Eggplant,,2021-08-19 16:03:26.068+00,2021-08-19 16:03:26.070893+00,
481,Bowery Romaine,,2021-08-19 16:26:17.428+00,2021-08-19 16:26:17.429732+00,
482,Forager Cashewmilk Yogurt,,2021-08-19 19:39:08.269+00,2021-08-19 19:39:08.271897+00,
483,Multicolored Roasted Peppers,,2021-08-19 19:41:51.451+00,2021-08-19 19:41:51.452833+00,
484,Persian Cucumber,,2021-08-19 19:46:30.776+00,2021-08-19 19:46:30.778417+00,
485,Crushed Garlic,,2021-08-19 19:46:30.776+00,2021-08-19 19:46:30.778417+00,
486,Strip Steak,,2021-08-19 20:07:55.911+00,2021-08-19 20:07:55.914778+00,
487,Whole Black Peppercorns,,2021-08-19 20:07:55.911+00,2021-08-19 20:07:55.914778+00,
488,French Lentils,,2021-08-19 20:12:29.556+00,2021-08-19 20:12:29.557846+00,
489,Bay Leaves,,2021-08-19 20:12:29.556+00,2021-08-19 20:12:29.557846+00,
490,Haricot Vert,,2021-08-19 20:16:33.789+00,2021-08-19 20:16:33.790857+00,
491,She Wolf Baguette,,2021-08-19 20:17:06.212+00,2021-08-19 20:17:06.21403+00,
492,Bowery Baby Butter Lettuce,,2021-08-19 20:18:48.77+00,2021-08-19 20:18:48.772301+00,
493,Ribbon Carrots,,2021-08-19 20:18:48.77+00,2021-08-19 20:18:48.772301+00,
494,Shallot Vinaigrette,,2021-08-19 20:18:48.77+00,2021-08-19 20:18:48.772301+00,
495,Light Brown Sugar,,2021-08-19 20:24:37.467+00,2021-08-19 20:24:37.46903+00,
496,Garlic Powder,,2021-08-19 20:24:37.467+00,2021-08-19 20:24:37.46903+00,
497,Blistered Cherry Tomatoes,,2021-08-19 20:25:57.173+00,2021-08-19 20:25:57.176831+00,
498,Kidney Beans,,2021-08-19 20:28:13.613+00,2021-08-19 20:28:13.615111+00,
499,Shaved Almonds,,2021-08-19 20:29:42.978+00,2021-08-19 20:29:42.980406+00,
500,Fresh Cherries,,2021-08-19 20:29:42.978+00,2021-08-19 20:29:42.980406+00,
501,Wild Rice,,2021-08-19 20:30:41.671+00,2021-08-19 20:30:41.673021+00,
502,Collard Greens,,2021-08-19 20:30:41.671+00,2021-08-19 20:30:41.673021+00,
503,Baby Spinach,,2021-08-19 20:31:36.175+00,2021-08-19 20:31:36.177242+00,
504,Shaved Fennel,,2021-08-19 20:31:36.175+00,2021-08-19 20:31:36.177242+00,
505,Dijon Vinaigrette,,2021-08-19 20:31:36.175+00,2021-08-19 20:31:36.177242+00,
507,Freshly Crushed Black Pepper,,2021-08-20 17:45:25.389+00,2021-08-20 17:45:25.394589+00,
508,Portobello Mushroom,,2021-08-20 17:50:59.277+00,2021-08-20 17:50:59.283611+00,
509,Patty Pan Squash,,2021-08-20 17:51:40.812+00,2021-08-20 17:51:40.818473+00,
510,Whole Garlic,,2021-08-20 17:52:28.15+00,2021-08-20 17:52:28.155597+00,
511,Bowery Lettuce,,2021-08-20 17:53:17.93+00,2021-08-20 17:53:17.93614+00,
512,Hearts Of Palm,,2021-08-20 17:53:17.93+00,2021-08-20 17:53:17.93614+00,
513,Shredded Carrot,,2021-08-20 17:53:17.93+00,2021-08-20 17:53:17.93614+00,
514,Lime Vinaigrette,,2021-08-20 17:53:17.93+00,2021-08-20 17:53:17.93614+00,
515,Almond Milk Yogurt,,2021-08-24 12:51:38.31165+00,2021-08-24 12:51:38.31165+00,
516,Shaved Manchego Cheese,,2021-08-26 14:53:30.377402+00,2021-08-26 14:53:30.377402+00,
517,Marinated Roasted Tempeh,,2021-08-26 15:06:30.148+00,2021-08-26 15:06:30.151745+00,
518,Daikon,,2021-08-26 15:06:30.148+00,2021-08-26 15:06:30.151745+00,
519,Pickled Carrots,,2021-08-26 15:06:30.148+00,2021-08-26 15:06:30.151745+00,
520,Rice Vinegar,,2021-08-26 15:06:30.148+00,2021-08-26 15:06:30.151745+00,
521,Spicy Vegan Mayo,,2021-08-26 15:06:30.148+00,2021-08-26 15:06:30.151745+00,
524,Bowery Baby Romaine,,2021-08-26 15:17:59.200311+00,2021-08-26 15:17:59.200311+00,
525,Bowery Bok Choy,,2021-08-26 15:20:53.793+00,2021-08-26 15:20:53.796728+00,
526,Sambal Chili,,2021-08-26 15:20:53.793+00,2021-08-26 15:20:53.796728+00,
528,Sriracha,,2021-08-26 15:27:21.272+00,2021-08-26 15:27:21.275859+00,
529,Shishito Peppers,,2021-08-26 15:31:25.572+00,2021-08-26 15:31:25.576092+00,
530,Teriyaki Sauce,,2021-08-26 15:31:25.572+00,2021-08-26 15:31:25.576092+00,
531,Bok Choy,,2021-08-26 15:34:52.423+00,2021-08-26 15:34:52.428758+00,
532,Shiitake Mushrooms,,2021-08-26 15:34:52.423+00,2021-08-26 15:34:52.428758+00,
533,Soba Noodles,,2021-08-26 15:36:32.558+00,2021-08-26 15:36:32.561914+00,
534,Hoisin Sauce,,2021-08-26 15:36:32.558+00,2021-08-26 15:36:32.561914+00,
536,Shaved Broccoli,,2021-08-26 15:37:33.603+00,2021-08-26 15:37:33.606994+00,
537,Miso Dressing,,2021-08-26 15:37:33.603+00,2021-08-26 15:37:33.606994+00,
538,Sambal Oelek Chili Paste,,2021-08-26 15:40:03.902+00,2021-08-26 15:40:03.905967+00,
539,Parkday Bbq Sauce,,2021-08-26 15:48:39.785+00,2021-08-26 15:48:39.788647+00,
540,Cotija,,2021-08-26 15:49:52.784+00,2021-08-26 15:49:52.788241+00,
544,Corn Bread,,2021-08-26 15:58:10.944+00,2021-08-26 15:58:10.94811+00,
545,Sugar,,2021-08-26 22:22:20.820232+00,2021-08-26 22:22:20.820232+00,
506,Pecans,,2021-08-19 20:32:15.168+00,2021-08-19 20:32:15.169688+00,
546,Market Apples,,2021-08-27 12:29:07.659109+00,2021-08-27 12:29:07.659109+00,
547,"Pino's Pork Loin",,2021-08-30 17:45:58.914+00,2021-08-30 17:45:58.916448+00,
548,Portabello Mushrooms,,2021-08-30 17:53:13.927+00,2021-08-30 17:53:13.928408+00,
549,Caramelized Onions,,2021-08-30 17:53:13.927+00,2021-08-30 17:53:13.928408+00,
550,Bowtie Pasta,,2021-08-30 17:59:49.265+00,2021-08-30 17:59:49.265397+00,
551,Nutritional Yeast,,2021-08-30 17:59:49.265+00,2021-08-30 17:59:49.265397+00,
552,Cashew Butter,,2021-08-30 17:59:49.265+00,2021-08-30 17:59:49.265397+00,
553,White Miso Paste,,2021-08-30 17:59:49.265+00,2021-08-30 17:59:49.265397+00,
554,Chopped Kale,,2021-08-30 18:00:45.624+00,2021-08-30 18:00:45.625081+00,
555,Reggiano Cheese,,2021-08-30 18:01:30.579+00,2021-08-30 18:01:30.579838+00,
556,Okra,,2021-08-30 18:46:15.656+00,2021-08-30 18:46:15.656912+00,
557,All Purpose Flour,,2021-08-30 18:46:15.656+00,2021-08-30 18:46:15.656912+00,
558,Celery,,2021-08-30 18:46:15.656+00,2021-08-30 18:46:15.656912+00,
559,Vegetable Stock,,2021-08-30 18:46:15.656+00,2021-08-30 18:46:15.656912+00,
560,Red Lentils,,2021-08-30 18:46:15.656+00,2021-08-30 18:46:15.656912+00,
561,Andouille Sausage,,2021-08-30 18:50:43.416+00,2021-08-30 18:50:43.41795+00,
562,Butter Beans,,2021-08-30 18:50:43.416+00,2021-08-30 18:50:43.41795+00,
563,Cajun Seasoning ,,2021-08-30 21:47:26.364+00,2021-08-30 21:47:26.379216+00,
535,Bowery Farms Spinach,,2021-08-26 15:37:33.603+00,2021-08-26 15:37:33.606994+00,
564,Breads Bakery Baguette,,2021-08-30 22:07:34.959064+00,2021-08-30 22:07:34.959064+00,
565,"Pino's Porchetta",,2021-08-30 22:13:06.333+00,2021-08-30 22:13:06.334424+00,
305,Hudson Valley Fisheries Steelhead,,2021-07-23 21:46:48.833+00,2021-07-23 21:46:48.837558+00,
566,Chipotle Peppers,,2021-09-01 17:24:10.446+00,2021-09-01 17:24:10.450533+00,
569,Jade Rice,,2021-09-01 17:31:03.87+00,2021-09-01 17:31:03.872428+00,
572,Bell Peppers,,2021-09-01 19:51:09.464+00,2021-09-01 19:51:09.466888+00,
573,Adobo Sauce,,2021-09-01 19:52:55.78+00,2021-09-01 19:52:55.783084+00,
574,Red Quinoa,,2021-09-01 19:53:53.773+00,2021-09-01 19:53:53.775205+00,
575,Chipotle Dressing,,2021-09-01 19:55:11.001+00,2021-09-01 19:55:11.004512+00,
576,Rolled Oats,,2021-09-01 20:12:16.553+00,2021-09-01 20:12:16.554667+00,
577,Coconut Chips,,2021-09-01 20:12:16.553+00,2021-09-01 20:12:16.554667+00,
578,Dried Cherries,,2021-09-01 20:12:16.553+00,2021-09-01 20:12:16.554667+00,
579,Marinated Kale,,2021-09-01 20:13:50.574+00,2021-09-01 20:13:50.576527+00,
580,Poached Egg,,2021-09-01 20:13:50.574+00,2021-09-01 20:13:50.576527+00,
581,Mushrooms,,2021-09-01 20:13:50.574+00,2021-09-01 20:13:50.576527+00,
582,Breads Bakery Sourdough,,2021-09-01 20:15:19.326+00,2021-09-01 20:15:19.33306+00,
583,Avo Mash,,2021-09-01 20:15:19.326+00,2021-09-01 20:15:19.33306+00,
584,Mixed Seeds,,2021-09-01 20:15:19.326+00,2021-09-01 20:15:19.33306+00,
585,Beluga Lentils,,2021-09-01 22:00:55.727+00,2021-09-01 22:00:55.73054+00,
586,Grownyc Zucchini,,2021-09-07 13:45:20.169+00,2021-09-07 13:45:20.175281+00,
587,Chili Powder,,2021-09-07 13:45:20.169+00,2021-09-07 13:45:20.175281+00,
588,Romaine Lettuce,,2021-09-07 15:03:07.697+00,2021-09-07 15:03:07.705398+00,
590,Grownyc Peaches,,2021-09-07 15:34:24.302+00,2021-09-07 15:34:24.304663+00,
591,Garlic Cloves,,2021-09-07 18:01:34.082+00,2021-09-07 18:01:34.083135+00,
592,Curry,,2021-09-07 18:39:38.311+00,2021-09-07 18:39:38.312192+00,
593,Soy Yogurt,,2021-09-07 18:40:55.814+00,2021-09-07 18:40:55.81533+00,
594,Garma Masala,,2021-09-07 18:40:55.814+00,2021-09-07 18:40:55.81533+00,
595,Crushed Tomatoes,,2021-09-07 18:40:55.814+00,2021-09-07 18:40:55.81533+00,
596,Roasted Beets,,2021-09-07 18:44:05.846+00,2021-09-07 18:44:05.846986+00,
597,Bowery Basil,,2021-09-07 20:29:31.495+00,2021-09-07 20:29:31.497276+00,
598,Fresh Mozzarella,,2021-09-07 20:29:31.495+00,2021-09-07 20:29:31.497276+00,
599,Creole Seasoning,,2021-09-07 21:03:22.06+00,2021-09-07 21:03:22.061678+00,
600,Ap Flour,,2021-09-07 21:04:27.802+00,2021-09-07 21:04:27.803403+00,
601,Tandoori Sauce,,2021-09-08 15:24:58.435+00,2021-09-08 15:24:58.441269+00,
602,Onion,,2021-09-08 15:24:58.435+00,2021-09-08 15:24:58.441269+00,
603,Water,,2021-09-08 15:28:49.199+00,2021-09-08 15:28:49.20425+00,
604,Wheat Flour,,2021-09-08 15:28:49.199+00,2021-09-08 15:28:49.20425+00,
605,Olive Oil,,2021-09-08 15:28:49.199+00,2021-09-08 15:28:49.20425+00,
606,Apple Vinaigrette,,2021-09-08 15:31:36.882+00,2021-09-08 15:31:36.889454+00,
607,Champagne Vinegar,,2021-09-08 15:31:36.882+00,2021-09-08 15:31:36.889454+00,
608,Goat Cheese,,2021-09-08 15:31:36.882+00,2021-09-08 15:31:36.889454+00,
609,Serrano Chili ,,2021-09-08 16:01:20.787+00,2021-09-08 16:01:20.796112+00,
610,Cardamom,,2021-09-08 16:01:20.787+00,2021-09-08 16:01:20.796112+00,
611,Cracked Black Pepper,,2021-09-08 16:01:20.787+00,2021-09-08 16:01:20.796112+00,
612,Green Bell Peppers,,2021-09-08 16:01:20.787+00,2021-09-08 16:01:20.796112+00,
613,Fresh Cilantro ,,2021-09-08 16:01:20.787+00,2021-09-08 16:01:20.796112+00,
614,Lime Wedges,,2021-09-08 16:01:20.787+00,2021-09-08 16:01:20.796112+00,
615,Rice Noodles,,2021-09-09 21:02:40.419+00,2021-09-09 21:02:40.421194+00,
616,Chopped Pickles,,2021-09-09 21:08:54.524+00,2021-09-09 21:08:54.526103+00,
617,Hanger Steak,,2021-09-09 21:13:17.279+00,2021-09-09 21:13:17.281614+00,
618,Porcini Orzo,,2021-09-09 21:18:05.144+00,2021-09-09 21:18:05.14657+00,
619,Chopped Fresh Basil ,,2021-09-09 21:18:05.144+00,2021-09-09 21:18:05.14657+00,
620,Baby Kale,,2021-09-09 21:19:14.806+00,2021-09-09 21:19:14.809637+00,
621,Sunflower Microgreens,,2021-09-09 21:19:14.806+00,2021-09-09 21:19:14.809637+00,
622,Fresh Figs,,2021-09-09 21:19:14.806+00,2021-09-09 21:19:14.809637+00,
623,Almonds,,2021-09-09 22:49:49.562+00,2021-09-09 22:49:49.563536+00,
624,Ground Turkey,,2021-09-09 22:50:43.787+00,2021-09-09 22:50:43.788546+00,
625,Almond Meal,,2021-09-09 22:52:00.458+00,2021-09-09 22:52:00.460832+00,
626,Rainbow Swiss Chard,,2021-09-09 22:52:00.458+00,2021-09-09 22:52:00.460832+00,
627,Purple Cauliflower,,2021-09-09 22:53:10.813+00,2021-09-09 22:53:10.816479+00,
628,Red Wine Vinaigrette,,2021-09-09 22:54:47.211+00,2021-09-09 22:54:47.21283+00,
629,Shaved Brussels,,2021-09-09 22:54:47.211+00,2021-09-09 22:54:47.21283+00,
630,"Pino's Skirt Steak",,2021-09-09 23:54:03.543+00,2021-09-09 23:54:03.544447+00,
631,Red Pepper Flakes,,2021-09-09 23:55:05.587+00,2021-09-09 23:55:05.588161+00,
632,"Barry's Tempeh",,2021-09-10 00:01:01.492+00,2021-09-10 00:01:01.492357+00,
633,Rice,,2021-09-10 00:03:19.305+00,2021-09-10 00:03:19.305634+00,
634,Bowery Baby Kale,,2021-09-10 00:04:06.819+00,2021-09-10 00:04:06.819986+00,
635,Shaved Mushrooms,,2021-09-10 00:04:06.819+00,2021-09-10 00:04:06.819986+00,
636,Sweet Corn,,2021-09-10 12:15:53.61+00,2021-09-10 12:15:53.618428+00,
637,Bowery Crispy Leaf,,2021-09-10 12:16:38.438+00,2021-09-10 12:16:38.440021+00,
638,Vegan Sausage,,2021-09-10 12:25:58.82+00,2021-09-10 12:25:58.82216+00,
639,Organic Chicken,,2021-09-10 12:33:37.094+00,2021-09-10 12:33:37.096+00,
640,Sea Salt,,2021-09-10 12:33:37.094+00,2021-09-10 12:33:37.096+00,
641,Red Chile Pepper,,2021-09-10 12:33:37.094+00,2021-09-10 12:33:37.096+00,
642,White Pepper,,2021-09-10 12:33:37.094+00,2021-09-10 12:33:37.096+00,
643,Organic Garlic,,2021-09-10 12:33:37.094+00,2021-09-10 12:33:37.096+00,
644,Lemon Juice ,,2021-09-10 12:33:37.094+00,2021-09-10 12:33:37.096+00,
645,Oregano Extract,,2021-09-10 12:33:37.094+00,2021-09-10 12:33:37.096+00,
646,Pork,,2021-09-10 12:33:37.094+00,2021-09-10 12:33:37.096+00,
647,"Pino's Strip Steak",,2021-09-10 16:40:47.497+00,2021-09-10 16:40:47.499597+00,
648,Grownyc Yellow Squash,,2021-09-10 16:44:54.677+00,2021-09-10 16:44:54.680623+00,
649,Volcano Rice,,2021-09-10 16:46:08.601+00,2021-09-10 16:46:08.603491+00,
650,Tomatillos ,,2021-09-10 16:47:44.39+00,2021-09-10 16:47:44.393377+00,
651,Cotija Cheese,,2021-09-10 16:49:06.786+00,2021-09-10 16:49:06.788599+00,
652,Ancho Peppers,,2021-09-13 13:02:11.722+00,2021-09-13 13:02:11.731149+00,
653,Milpa Heirloom Blue Corn,,2021-09-13 13:02:52.933+00,2021-09-13 13:02:52.934797+00,
654,Soy Beans,,2021-09-13 13:08:53.035+00,2021-09-13 13:08:53.037793+00,
655,Organic Azuki Beans,,2021-09-13 13:08:53.035+00,2021-09-13 13:08:53.037793+00,
656,Organic Long Grain Rice,,2021-09-13 13:08:53.035+00,2021-09-13 13:08:53.037793+00,
657,White Vinegar,,2021-09-13 13:08:53.035+00,2021-09-13 13:08:53.037793+00,
658,Organic Chickpeas,,2021-09-13 13:08:53.035+00,2021-09-13 13:08:53.037793+00,
659,Organic Sunflower Seeds,,2021-09-13 13:08:53.035+00,2021-09-13 13:08:53.037793+00,
660,Bibb Lettuce,,2021-09-14 16:37:05.533+00,2021-09-14 16:37:05.534367+00,
661,Mustard,,2021-09-14 16:37:54.53+00,2021-09-14 16:37:54.530363+00,
662,Artichoke Hearts,,2021-09-14 17:19:44.56+00,2021-09-14 17:19:44.563981+00,
663,White Wine,,2021-09-14 17:19:44.56+00,2021-09-14 17:19:44.563981+00,
664,Chicken Broth,,2021-09-14 17:19:44.56+00,2021-09-14 17:19:44.563981+00,
666,Summer Squash,,2021-09-14 17:26:24.711+00,2021-09-14 17:26:24.71225+00,
667,Market Pears,,2021-09-14 17:28:39.871+00,2021-09-14 17:28:39.871647+00,
668,Brisket,,2021-09-14 17:34:11.79+00,2021-09-14 17:34:11.79241+00,
669,Red Wine,,2021-09-14 17:34:11.79+00,2021-09-14 17:34:11.79241+00,
670,Delicata Squash,,2021-09-14 17:40:54.608+00,2021-09-14 17:40:54.610689+00,
671,Fusilli Pasta,,2021-09-14 17:44:39.539+00,2021-09-14 17:44:39.543171+00,
672,Escarole,,2021-09-14 17:46:45.487+00,2021-09-14 17:46:45.488993+00,
673,Shaved Celery,,2021-09-14 17:46:45.487+00,2021-09-14 17:46:45.488993+00,
674,Lemon Vinaigrette,,2021-09-14 17:46:45.487+00,2021-09-14 17:46:45.488993+00,
675,Tender Herbs,,2021-09-14 18:18:33.644+00,2021-09-14 18:18:33.646154+00,
676,Tri Tip,,2021-09-14 18:19:17.938+00,2021-09-14 18:19:17.940672+00,
677,Garlic Salt,,2021-09-14 18:19:17.938+00,2021-09-14 18:19:17.940672+00,
678,Lemon Tahini Dressing,,2021-09-14 18:25:56.97+00,2021-09-14 18:25:56.972554+00,
679,Scottish Salmon,,2021-09-20 00:06:36.75+00,2021-09-20 00:06:36.752899+00,
680,Heriloom Carrots,,2021-09-20 00:11:36.613+00,2021-09-20 00:11:36.615956+00,
681,Crispy Shallots,,2021-09-20 00:11:36.613+00,2021-09-20 00:11:36.615956+00,
682,California Medjool Dates,,2021-09-20 00:12:43.591+00,2021-09-20 00:12:43.595246+00,
683,Pickled Turnips,,2021-09-20 00:13:40.999+00,2021-09-20 00:13:41.000836+00,
684,Sesame Seed Bagel,,2021-09-20 00:22:49.53+00,2021-09-20 00:22:49.531736+00,
685,Cinnamon Raisin Bagel,,2021-09-20 00:22:49.53+00,2021-09-20 00:22:49.531736+00,
686,Simple Plain Cream Cheese,,2021-09-20 00:23:57.144+00,2021-09-20 00:23:57.146206+00,
687,Garden Vegetable Cream Cheese,,2021-09-20 00:23:57.144+00,2021-09-20 00:23:57.146206+00,
688,Scallion Cream Cheese,,2021-09-20 00:23:57.144+00,2021-09-20 00:23:57.146206+00,
689,Smoked Salmon,,2021-09-20 00:24:51.176+00,2021-09-20 00:24:51.17819+00,
690,Shaved Red Onion,,2021-09-20 00:24:51.176+00,2021-09-20 00:24:51.17819+00,
691,Butter Croissant,,2021-09-20 00:25:46.631+00,2021-09-20 00:25:46.632911+00,
692,Pain Au Chocolat,,2021-09-20 00:25:46.631+00,2021-09-20 00:25:46.632911+00,
693,Berry Jam,,2021-09-20 00:26:24.643+00,2021-09-20 00:26:24.645171+00,
694,Ripe Market Melon,,2021-09-20 00:28:23.965+00,2021-09-20 00:28:23.968136+00,
695,Ground Lamb,,2021-09-20 14:32:09.335+00,2021-09-20 14:32:09.342411+00,
696,Five Spice,,2021-09-20 14:35:44.747+00,2021-09-20 14:35:44.754726+00,
697,Allspice,,2021-09-20 14:35:44.747+00,2021-09-20 14:35:44.754726+00,
698,Romanesco,,2021-09-20 14:39:10.953+00,2021-09-20 14:39:10.96176+00,
699,Bowery Greens ,,2021-09-20 14:41:17.722+00,2021-09-20 14:41:17.729989+00,
700,Pickled Baby Peppers,,2021-09-20 14:41:17.722+00,2021-09-20 14:41:17.729989+00,
701,Horseradish,,2021-09-20 14:43:29.126+00,2021-09-20 14:43:29.133865+00,
702,Artichokes,,2021-09-20 14:50:45.129+00,2021-09-20 14:50:45.136818+00,
703,Fresh Thyme,,2021-09-20 14:54:06.48+00,2021-09-20 14:54:06.487975+00,
704,Grilled Broccoli,,2021-09-20 15:20:54.665+00,2021-09-20 15:20:54.672425+00,
705,Pickled Parsnips,,2021-09-20 16:41:21.794+00,2021-09-20 16:41:21.7996+00,
706,Warm Farro,,2021-09-22 18:50:29.304+00,2021-09-22 18:50:29.307584+00,
707,Irwin Mushrooms Shiitakes,,2021-09-22 18:50:29.304+00,2021-09-22 18:50:29.307584+00,
708,Poached Eggs,,2021-09-22 18:50:29.304+00,2021-09-22 18:50:29.307584+00,
709,Quinoa,,2021-09-26 19:07:40.095+00,2021-09-26 19:07:40.099558+00,
710,Baby Pickled Peppers,,2021-09-27 13:06:01.848+00,2021-09-27 13:06:01.855186+00,
711,Broccoli,,2021-09-27 18:42:07.086+00,2021-09-27 18:42:07.090163+00,
712,Market Vegetables,,2021-09-27 18:43:31.369+00,2021-09-27 18:43:31.372871+00,
713,Toasted Cashews,,2021-09-27 18:43:31.369+00,2021-09-27 18:43:31.372871+00,
714,Fresh Strawberries,,2021-09-28 18:53:55.955+00,2021-09-28 18:53:55.957416+00,
715,Whipped Cream,,2021-09-28 18:53:55.955+00,2021-09-28 18:53:55.957416+00,
716,Chicken Thighs,,2021-10-03 23:51:51.132+00,2021-10-03 23:51:51.135965+00,
717,Butternut Squash,,2021-10-03 23:54:11.811+00,2021-10-03 23:54:11.815648+00,
718,Brussels Sprouts,,2021-10-03 23:54:47.106+00,2021-10-03 23:54:47.109896+00,
720,Roasted Yellow Beets,,2021-10-03 23:58:08.489+00,2021-10-03 23:58:08.493635+00,
721,Walnut Oil,,2021-10-03 23:58:52.607+00,2021-10-03 23:58:52.610689+00,
722,Everything Salt,,2021-10-04 00:02:08.874+00,2021-10-04 00:02:08.878232+00,
723,North Country Smokehouse Bacon,,2021-10-04 00:02:38.953+00,2021-10-04 00:02:38.957358+00,
724,Mango,,2021-10-04 00:05:41.108+00,2021-10-04 00:05:41.112983+00,
725,Yellow Watermelon,,2021-10-04 00:05:41.108+00,2021-10-04 00:05:41.112983+00,
726,Cavaillon Melon,,2021-10-04 00:05:41.108+00,2021-10-04 00:05:41.112983+00,
730,Onions,,2021-10-04 00:19:55.195+00,2021-10-04 00:19:55.201244+00,
731,Queso Fresco,,2021-10-04 00:19:55.195+00,2021-10-04 00:19:55.201244+00,
732,Milpa Blue Corn Tortillas,,2021-10-04 00:19:55.195+00,2021-10-04 00:19:55.201244+00,
740,Chopped Zucchini,,2021-10-04 00:22:48.719+00,2021-10-04 00:22:48.723841+00,
741,Corn Nuts,,2021-10-04 00:23:29.454+00,2021-10-04 00:23:29.458426+00,
742,Shredded Chicken Thighs,,2021-10-04 00:27:51.087+00,2021-10-04 00:27:51.090944+00,
743,Ground Pork,,2021-10-04 00:29:18.494+00,2021-10-04 00:29:18.498609+00,
744,Kimchi,,2021-10-04 00:51:01.861+00,2021-10-04 00:51:01.864894+00,
745,Watermelon Radishes,,2021-10-04 00:57:49.956+00,2021-10-04 00:57:49.959692+00,
746,Miso,,2021-10-04 00:58:46.911+00,2021-10-04 00:58:46.916635+00,
747,Chicken Breasts,,2021-10-04 01:02:07.146+00,2021-10-04 01:02:07.14947+00,
748,Swordfish,,2021-10-04 01:02:40.045+00,2021-10-04 01:02:40.048498+00,
749,Irwin Mushrooms,,2021-10-04 01:08:47.855+00,2021-10-04 01:08:47.864752+00,
750,Black Lentils,,2021-10-04 01:08:47.855+00,2021-10-04 01:08:47.864752+00,
751,Olives,,2021-10-04 01:08:47.855+00,2021-10-04 01:08:47.864752+00,
752,Breads Bakery Whole Wheat Sourdough,,2021-10-04 01:47:39.169+00,2021-10-04 01:47:39.173219+00,
753,Shredded Chicken Breasts,,2021-10-05 17:13:57.306+00,2021-10-05 17:13:57.309392+00,
754,Gluten Free Soy Sauce,,2021-10-06 13:04:49.865+00,2021-10-06 13:04:49.868251+00,
755,Crushed Peanuts,,2021-10-06 13:04:49.865+00,2021-10-06 13:04:49.868251+00,
787,Shredded Chicken,,2021-10-11 01:32:00.43+00,2021-10-11 01:32:00.44236+00,
788,Chipotle Chili,,2021-10-11 01:32:00.43+00,2021-10-11 01:32:00.44236+00,
789,Mole Sauce,,2021-10-11 01:32:00.43+00,2021-10-11 01:32:00.44236+00,
790,Chocolate,,2021-10-11 01:32:00.43+00,2021-10-11 01:32:00.44236+00,
791,Pickled Onions,,2021-10-11 01:33:12.817+00,2021-10-11 01:33:12.822509+00,
792,Chile Morita,,2021-10-11 01:33:12.817+00,2021-10-11 01:33:12.822509+00,
793,Bowery Cilantro,,2021-10-11 01:33:12.817+00,2021-10-11 01:33:12.822509+00,
794,Soy Chorizo,,2021-10-11 01:34:07.006+00,2021-10-11 01:34:07.011966+00,
795,Norwich Farms Butternut Squash,,2021-10-11 01:36:02.651+00,2021-10-11 01:36:02.656305+00,
796,Shaved Corn,,2021-10-11 01:36:02.651+00,2021-10-11 01:36:02.656305+00,
797,Bowery Mixed Greens,,2021-10-11 01:43:42.955+00,2021-10-11 01:43:42.960778+00,
798,Shredded Jicama,,2021-10-11 01:43:42.955+00,2021-10-11 01:43:42.960778+00,
799,Shredded Carrots,,2021-10-11 01:43:42.955+00,2021-10-11 01:43:42.960778+00,
800,Chocolate Chip Cookies,,2021-10-11 01:44:56.45+00,2021-10-11 01:44:56.457179+00,
801,Bowery Baby Rabe,,2021-10-11 02:02:11.526+00,2021-10-11 02:02:11.531445+00,
802,Course Ground Corn Meal,,2021-10-11 02:05:51.732+00,2021-10-11 02:05:51.738663+00,
803,Baking Soda,,2021-10-11 02:05:51.732+00,2021-10-11 02:05:51.738663+00,
804,Ny Cheddar,,2021-10-11 02:05:51.732+00,2021-10-11 02:05:51.738663+00,
805,Shaved Apples,,2021-10-11 02:06:30.14+00,2021-10-11 02:06:30.145403+00,
806,Koginut Squash Wedge,,2021-10-11 02:06:30.14+00,2021-10-11 02:06:30.145403+00,
807,Apple Cider Vinaigrette,,2021-10-11 02:06:30.14+00,2021-10-11 02:06:30.145403+00,
808,Angel Food Cake,,2021-10-11 02:07:08.238+00,2021-10-11 02:07:08.243962+00,
809,Rice Paper,,2021-10-11 02:11:36.917+00,2021-10-11 02:11:36.922869+00,
810,Gf Soy Sauce,,2021-10-11 02:11:36.917+00,2021-10-11 02:11:36.922869+00,
811,Shaved Cucumber,,2021-10-11 02:11:36.917+00,2021-10-11 02:11:36.922869+00,
812,Purple Basil,,2021-10-11 02:11:36.917+00,2021-10-11 02:11:36.922869+00,
819,Yellow Curry,,2021-10-11 02:19:48.805+00,2021-10-11 02:19:48.810946+00,
820,Whole Wheat Wrap,,2021-10-11 02:19:48.805+00,2021-10-11 02:19:48.810946+00,
822,Garlic Oil,,2021-10-11 02:21:37.99+00,2021-10-11 02:21:37.9961+00,
823,Mini Baby Sweet Peppers,,2021-10-11 02:22:29.41+00,2021-10-11 02:22:29.415926+00,
824,Red Beets,,2021-10-11 02:28:39.224+00,2021-10-11 02:28:39.230147+00,
825,Basmati Rice,,2021-10-17 16:24:13.827+00,2021-10-17 16:24:13.831443+00,
826,Pepperoncini Vinaigrette,,2021-10-17 16:45:09.155+00,2021-10-17 16:45:09.158101+00,
827,Ancho Chili Rub,,2021-10-17 16:52:46.994+00,2021-10-17 16:52:47.005072+00,
828,Koginut Squash,,2021-10-17 17:18:31.563+00,2021-10-17 17:18:31.565561+00,
829,Heirloom Cherry Tomatoes,,2021-10-17 17:19:45.786+00,2021-10-17 17:19:45.789021+00,
830,Kalamata Olive Brine,,2021-10-18 16:44:56.217+00,2021-10-18 16:44:56.218923+00,
831,Whole Roasted Apples,,2021-10-18 16:49:41.679+00,2021-10-18 16:49:41.68226+00,
832,Fresh Herb Salad,,2021-10-18 16:57:25.494+00,2021-10-18 16:57:25.500045+00,
833,Apple Cider,,2021-10-18 17:00:14.771+00,2021-10-18 17:00:14.774405+00,
834,Balsamic Glaze,,2021-10-18 17:01:36.317+00,2021-10-18 17:01:36.318371+00,
835,Louisiana Hot Sauce,,2021-10-18 17:07:50.933+00,2021-10-18 17:07:50.935296+00,
836,Cod,,2021-10-18 17:08:44.586+00,2021-10-18 17:08:44.588567+00,
837,Smoke,,2021-10-18 17:08:44.586+00,2021-10-18 17:08:44.588567+00,
838,Granulated Garlic,,2021-10-18 17:08:44.586+00,2021-10-18 17:08:44.588567+00,
839,Chili Spice Blend,,2021-10-18 17:08:44.586+00,2021-10-18 17:08:44.588567+00,
840,Grainy Mustard,,2021-10-18 17:10:52.199+00,2021-10-18 17:10:52.200672+00,
841,Relish,,2021-10-18 17:10:52.199+00,2021-10-18 17:10:52.200672+00,
842,Sweet Potatoes,,2021-10-18 17:11:28.19+00,2021-10-18 17:11:28.192263+00,
843,Dry Aged Pork Chops,,2021-10-23 20:29:27.945+00,2021-10-23 20:29:27.949031+00,
844,Minard Farms Apple Cider,,2021-10-23 20:29:27.945+00,2021-10-23 20:29:27.949031+00,
845,Skin-on Organic Chicken Breasts,,2021-10-23 20:30:28.793+00,2021-10-23 20:30:28.796961+00,
846,Mayonnaise,,2021-10-23 20:30:28.793+00,2021-10-23 20:30:28.796961+00,
847,Fresno Chiles,,2021-10-23 20:30:28.793+00,2021-10-23 20:30:28.796961+00,
848,Organic Bell Peppers,,2021-10-23 20:34:37.946+00,2021-10-23 20:34:37.951087+00,
849,Cauliflower Rice,,2021-10-23 20:34:37.946+00,2021-10-23 20:34:37.951087+00,
850,Vegan Mozzarella,,2021-10-23 20:34:37.946+00,2021-10-23 20:34:37.951087+00,
851,Norwich Meadows Baby Potatoes,,2021-10-23 20:36:12.15+00,2021-10-23 20:36:12.153198+00,
852,Bowery Farms Greens,,2021-10-23 20:36:46.801+00,2021-10-23 20:36:46.803606+00,
853,Pickled Beets,,2021-10-23 20:36:46.801+00,2021-10-23 20:36:46.803606+00,
854,Parkday House Porchetta,,2021-10-23 20:38:50.247+00,2021-10-23 20:38:50.249586+00,
855,Balthazar Village Roll,,2021-10-23 20:38:50.247+00,2021-10-23 20:38:50.249586+00,
856,Flank Steak,,2021-10-23 20:39:29.465+00,2021-10-23 20:39:29.46953+00,
857,Banana Peppers,,2021-10-23 20:39:29.465+00,2021-10-23 20:39:29.46953+00,
858,Kimchi Aioli,,2021-10-23 20:39:29.465+00,2021-10-23 20:39:29.46953+00,
859,Balthazar Baguette,,2021-10-23 20:39:29.465+00,2021-10-23 20:39:29.46953+00,
863,Tomatoes,,2021-10-23 20:41:37.108+00,2021-10-23 20:41:37.110944+00,
864,Bosc Pears,,2021-10-23 20:43:19.778+00,2021-10-23 20:43:19.780329+00,
865,Aged Pecorino Cheese,,2021-10-23 20:43:19.778+00,2021-10-23 20:43:19.780329+00,
866,Furikake,,2021-10-23 20:58:59.575+00,2021-10-23 20:58:59.582155+00,
867,Free-range Chicken Breast,,2021-10-23 21:05:53.548+00,2021-10-23 21:05:53.551887+00,
868,Sweet White Miso,,2021-10-23 21:06:22.55+00,2021-10-23 21:06:22.552838+00,
869,Made In Brooklyn Soba Noodles,,2021-10-23 21:07:08.39+00,2021-10-23 21:07:08.392506+00,
870,Shredded Radish,,2021-10-23 21:07:08.39+00,2021-10-23 21:07:08.392506+00,
871,Pickled Daikon,,2021-10-23 21:13:40.939+00,2021-10-23 21:13:40.943803+00,
872,Bowery Farms Herbs,,2021-10-23 21:13:40.939+00,2021-10-23 21:13:40.943803+00,
873,Mae Ploy Sweet Chili,,2021-10-23 21:17:21.712+00,2021-10-23 21:17:21.714436+00,
874,Roasted Leeks,,2021-10-23 21:29:41.045+00,2021-10-23 21:29:41.048045+00,
875,Bulgur,,2021-10-23 21:31:53.163+00,2021-10-23 21:31:53.1666+00,
876,Grilled Pita,,2021-10-23 21:33:03.371+00,2021-10-23 21:33:03.373089+00,
877,Whole Milk Labne,,2021-10-23 21:33:03.371+00,2021-10-23 21:33:03.373089+00,
878,Local Orchard Apples,,2021-10-23 21:33:35.173+00,2021-10-23 21:33:35.175559+00,
879,Green Grapes,,2021-10-23 21:33:35.173+00,2021-10-23 21:33:35.175559+00,
880,Lamb Shoulder,,2021-10-25 16:20:39.454+00,2021-10-25 16:20:39.450613+00,
881,Ground Chicken,,2021-10-25 16:21:29.104+00,2021-10-25 16:21:29.100579+00,
882,Grilled Asparagus,,2021-10-25 16:26:37.456+00,2021-10-25 16:26:37.452366+00,
883,Roma Tomatoes,,2021-10-25 16:27:15.969+00,2021-10-25 16:27:15.966021+00,
884,Roasted Pumpkin Seeds,,2021-10-25 16:27:59.471+00,2021-10-25 16:27:59.468052+00,
885,Whole Roasted Pumpkin,,2021-10-25 16:27:59.471+00,2021-10-25 16:27:59.468052+00,
886,"Jess Puddin' Chocolate Pudding",,2021-10-25 16:28:35.031+00,2021-10-25 16:28:35.028251+00,
887,Oreos,,2021-10-25 16:28:35.031+00,2021-10-25 16:28:35.028251+00,
888,House Whip Cream,,2021-10-25 16:28:35.031+00,2021-10-25 16:28:35.028251+00,
889,Sour Gummy Worms,,2021-10-25 16:28:35.031+00,2021-10-25 16:28:35.028251+00,
890,Alfalfa Sprouts,,2021-10-26 12:58:17.051+00,2021-10-26 12:58:17.054296+00,
891,Avocado Whip,,2021-10-26 12:58:17.051+00,2021-10-26 12:58:17.054296+00,
892,Crunchy Baguette,,2021-10-26 12:58:17.051+00,2021-10-26 12:58:17.054296+00,
893,Lamb Shanks,,2021-10-28 02:28:19.855+00,2021-10-28 02:28:19.858835+00,
894,House Fudge Brownies,,2021-10-28 02:29:21.712+00,2021-10-28 02:29:21.715507+00,
895,Gala Apple,,2021-10-28 23:19:12.196966+00,2021-10-28 23:19:12.196966+00,
896,Acorn Squash,,2021-10-29 00:32:31.055278+00,2021-10-29 00:32:31.055278+00,
897,Asian Pears,,2021-10-29 00:32:31.055278+00,2021-10-29 00:32:31.055278+00,
898,Basil,,2021-10-29 00:32:31.055278+00,2021-10-29 00:32:31.055278+00,
899,Beets,,2021-10-29 00:32:31.055278+00,2021-10-29 00:32:31.055278+00,
900,Concord Grapes,,2021-10-29 00:32:31.055278+00,2021-10-29 00:32:31.055278+00,
901,Curly Parsley,,2021-10-29 00:32:31.055278+00,2021-10-29 00:32:31.055278+00,
902,Dill ,,2021-10-29 00:32:31.055278+00,2021-10-29 00:32:31.055278+00,
903,Fingerling Potatoes,,2021-10-29 00:32:31.055278+00,2021-10-29 00:32:31.055278+00,
904,Fresh Green Olives,,2021-10-29 00:32:31.055278+00,2021-10-29 00:32:31.055278+00,
905,Fuyu Persimmons,,2021-10-29 00:32:31.055278+00,2021-10-29 00:32:31.055278+00,
907,Organic Green Kale,,2021-10-29 00:32:31.055278+00,2021-10-29 00:32:31.055278+00,
908,Honeycrisp Apples,,2021-10-29 00:32:31.055278+00,2021-10-29 00:32:31.055278+00,
909,Italian (Flat Leaf) Parsley,,2021-10-29 00:32:31.055278+00,2021-10-29 00:32:31.055278+00,
910,Japanese Negi Scallions,,2021-10-29 00:32:31.055278+00,2021-10-29 00:32:31.055278+00,
911,Marinated Artichoke Hearts,,2021-10-29 00:32:31.055278+00,2021-10-29 00:32:31.055278+00,
912,Organic Leeks,,2021-10-29 00:32:31.055278+00,2021-10-29 00:32:31.055278+00,
913,Organic Sunchokes,,2021-10-29 00:32:31.055278+00,2021-10-29 00:32:31.055278+00,
914,Organic Yellow Wax Beans,,2021-10-29 00:32:31.055278+00,2021-10-29 00:32:31.055278+00,
915,Pomegranates,,2021-10-29 00:32:31.055278+00,2021-10-29 00:32:31.055278+00,
916,Red Grapes,,2021-10-29 00:32:31.055278+00,2021-10-29 00:32:31.055278+00,
917,Wild Harvest Shiitake Mushrooms,,2021-10-29 00:32:31.055278+00,2021-10-29 00:32:31.055278+00,
918,Jerk Seasoning,,2021-10-31 23:21:51.363+00,2021-10-31 23:21:51.364317+00,
919,Chilies,,2021-10-31 23:21:51.363+00,2021-10-31 23:21:51.364317+00,
920,Firm Tofu,,2021-10-31 23:43:17.381+00,2021-10-31 23:43:17.38394+00,
921,Lancaster Farms Organic Collard Greens,,2021-10-31 23:43:58.669+00,2021-10-31 23:43:58.671357+00,
922,White Onion,,2021-10-31 23:43:58.669+00,2021-10-31 23:43:58.671357+00,
923,Lancaster Farms Sweet Potatoes,,2021-10-31 23:46:42.927+00,2021-10-31 23:46:42.93029+00,
924,Red Gem Lettuce,,2021-10-31 23:47:33.135+00,2021-10-31 23:47:33.1381+00,
925,Cilantro Vinaigrette,,2021-10-31 23:47:33.135+00,2021-10-31 23:47:33.1381+00,
926,Lemon Evoo,,2021-10-31 23:48:02.791+00,2021-10-31 23:48:02.793194+00,
927,White Wine Vinegar,,2021-11-01 20:29:01.097+00,2021-11-01 20:29:01.09904+00,
928,Spanish Octopus,,2021-11-01 20:30:13.871+00,2021-11-01 20:30:13.885692+00,
929,Fennel Broth,,2021-11-01 20:30:13.871+00,2021-11-01 20:30:13.885692+00,
930,Little Gem Lettuce,,2021-11-01 20:33:54.074+00,2021-11-01 20:33:54.077619+00,
931,Baby Red Chard,,2021-11-01 20:33:54.074+00,2021-11-01 20:33:54.077619+00,
932,Di Fara Pizza Dough,,2021-11-04 12:39:22.859+00,2021-11-04 12:39:22.861489+00,
933,Salami,,2021-11-04 12:39:22.859+00,2021-11-04 12:39:22.861489+00,
934,Prosciutto,,2021-11-04 12:39:22.859+00,2021-11-04 12:39:22.861489+00,
935,Aged Provolone,,2021-11-04 12:39:22.859+00,2021-11-04 12:39:22.861489+00,
936,Tomato Sauce,,2021-11-04 12:39:22.859+00,2021-11-04 12:39:22.861489+00,
937,Pastured Chicken Thighs,,2021-11-04 12:39:59.31+00,2021-11-04 12:39:59.312192+00,
939,Pepperoncini,,2021-11-04 12:42:44.4+00,2021-11-04 12:42:44.403117+00,
940,Sweet Shallot Vinaigrette,,2021-11-04 12:42:44.4+00,2021-11-04 12:42:44.403117+00,
941,Breads Bakery Sourdough Breadcrumbs,,2021-11-04 12:43:41.924+00,2021-11-04 12:43:41.925513+00,
942,Local Apples,,2021-11-04 12:43:41.924+00,2021-11-04 12:43:41.925513+00,
943,Anchovies,,2021-11-04 12:43:41.924+00,2021-11-04 12:43:41.925513+00,
944,Sour Cream,,2021-11-04 12:44:34.966+00,2021-11-04 12:44:34.967276+00,
945,French Airline Chicken Breasts,,2021-11-05 19:43:08.3+00,2021-11-05 19:43:08.303519+00,
946,Pancetta,,2021-11-05 19:44:49.031+00,2021-11-05 19:44:49.034198+00,
947,Chicken Stock,,2021-11-05 19:44:49.031+00,2021-11-05 19:44:49.034198+00,
948,Garlic Confit,,2021-11-05 19:46:32.304+00,2021-11-05 19:46:32.308389+00,
949,Smoked Sweet Corn,,2021-11-05 19:51:10.765+00,2021-11-05 19:51:10.76776+00,
950,Pecan Vinaigrette,,2021-11-05 19:51:10.765+00,2021-11-05 19:51:10.76776+00,
951,Pastured Chicken Breasts,,2021-11-05 19:52:27.234+00,2021-11-05 19:52:27.236421+00,
952,Pork Shoulder,,2021-11-05 19:53:37.68+00,2021-11-05 19:53:37.683061+00,
953,Steamed Broccoli,,2021-11-05 19:56:37.287+00,2021-11-05 19:56:37.289776+00,
954,Orecchiette Pastsa,,2021-11-05 20:41:12.798+00,2021-11-05 20:41:12.800814+00,
955,Sun Dried Tomatoes,,2021-11-05 20:41:12.798+00,2021-11-05 20:41:12.800814+00,
956,Orange Segments,,2021-11-05 20:41:46.943+00,2021-11-05 20:41:46.944437+00,
957,Oregano Vinaigrette,,2021-11-05 20:41:46.943+00,2021-11-05 20:41:46.944437+00,
958,Couscous,,2021-11-05 20:48:19.663+00,2021-11-05 20:48:19.665749+00,
959,Shaved Heirloom Carrots,,2021-11-05 20:49:04.383+00,2021-11-05 20:49:04.385429+00,
960,Koginut Puree,,2021-11-05 21:09:41.451+00,2021-11-05 21:09:41.45736+00,
961,Egg Whites,,2021-11-05 21:10:35.735+00,2021-11-05 21:10:35.736225+00,
962,Tomatillo Salsa,,2021-11-05 21:10:35.735+00,2021-11-05 21:10:35.736225+00,
963,Spaghetti Squash,,2021-11-05 21:48:06.034+00,2021-11-05 21:48:06.036695+00,
964,Nigela Seeds,,2021-11-05 21:48:06.034+00,2021-11-05 21:48:06.036695+00,
965,Cavatelli Pasta,,2021-11-05 21:48:57.684+00,2021-11-05 21:48:57.686473+00,
966,Heavy Cream,,2021-11-05 21:48:57.684+00,2021-11-05 21:48:57.686473+00,
967,Grilled Pineapple,,2021-11-14 17:01:36.487+00,2021-11-14 17:01:36.489839+00,
968,Spicy Mayo,,2021-11-14 17:01:36.487+00,2021-11-14 17:01:36.489839+00,
969,Gochujang,,2021-11-14 17:03:58.468+00,2021-11-14 17:03:58.470245+00,
970,Pork Tenderloin,,2021-11-14 17:04:31.798+00,2021-11-14 17:04:31.800265+00,
971,Vegan Mayonnaise,,2021-11-14 17:05:47.811+00,2021-11-14 17:05:47.813669+00,
972,Roasted Persimmons,,2021-11-14 17:08:09.372+00,2021-11-14 17:08:09.373686+00,
973,Irwin Farms Portobellos,,2021-11-14 17:44:58.049+00,2021-11-14 17:44:58.050498+00,
974,Ground Beef,,2021-11-14 17:47:34.526+00,2021-11-14 17:47:34.527303+00,
975,Chopped Romaine,,2021-11-14 17:48:23.432+00,2021-11-14 17:48:23.434566+00,
976,Smoked Provolone,,2021-11-14 17:48:23.432+00,2021-11-14 17:48:23.434566+00,
977,Olives ,,2021-11-14 17:48:23.432+00,2021-11-14 17:48:23.434566+00,
978,Walnut Vinaigrette,,2021-11-14 17:48:23.432+00,2021-11-14 17:48:23.434566+00,
979,Breads Bakery Seeded Bun,,2021-11-14 17:54:52.346+00,2021-11-14 17:54:52.347979+00,
980,Fried Egg,,2021-11-14 17:54:52.346+00,2021-11-14 17:54:52.347979+00,
981,Pineapple ,,2021-11-14 17:55:31.812+00,2021-11-14 17:55:31.813167+00,
983,Grilled Baby Eggplant,,2021-11-20 20:21:52.837+00,2021-11-20 20:21:52.843632+00,
984,Cornmeal,,2021-11-20 20:22:42.301+00,2021-11-20 20:22:42.30442+00,
985,Crushed Crispy Onions,,2021-11-20 20:23:18.436+00,2021-11-20 20:23:18.442692+00,
986,Candied Pecans,,2021-11-20 20:24:00.055+00,2021-11-20 20:24:00.05842+00,
987,Rosemary Vinaigrette,,2021-11-20 20:24:00.055+00,2021-11-20 20:24:00.05842+00,
988,Cremini Mushroom Caps,,2021-11-20 20:29:55.775+00,2021-11-20 20:29:55.777837+00,
989,Crushed Almonds,,2021-11-20 20:29:55.775+00,2021-11-20 20:29:55.777837+00,
990,Pickled Cauliflower,,2021-11-20 20:30:26.876+00,2021-11-20 20:30:26.878701+00,
991,Onion ,,2021-11-20 20:31:13.135+00,2021-11-20 20:31:13.13806+00,
992,Yellow Mustard,,2021-11-24 15:11:26.082+00,2021-11-24 15:11:26.088455+00,
993,Baby Heirloom Tri-color Carrots,,2021-11-24 15:13:51.038+00,2021-11-24 15:13:51.043777+00,
994,Shallot Herb Vinaigrette,,2021-11-24 15:16:54.424+00,2021-11-24 15:16:54.42618+00,
995,Brown Rice,,2021-11-26 21:32:22.363+00,2021-11-26 21:32:22.365386+00,
996,Ancho Breadcrumbs,,2021-11-26 21:34:57.028+00,2021-11-26 21:34:57.030802+00,
997,Curry Powder,,2021-11-26 21:43:47.463+00,2021-11-26 21:43:47.465628+00,
999,Tandoori Spices,,2021-11-26 21:47:45.153+00,2021-11-26 21:47:45.155367+00,
1000,Badger Flame Beets,,2021-11-26 21:49:08.201+00,2021-11-26 21:49:08.203517+00,
1001,Cilantro Chutney Vinaigrette,,2021-11-26 21:50:30.544+00,2021-11-26 21:50:30.547339+00,
1006,Puff Pastry,,2021-11-26 23:08:28.345+00,2021-11-26 23:08:28.348379+00,
1007,Creme Fraiche,,2021-11-26 23:08:28.345+00,2021-11-26 23:08:28.348379+00,
1008,Serrano Ham,,2021-11-26 23:08:28.345+00,2021-11-26 23:08:28.348379+00,
1010,Burnt Onion,,2021-11-27 00:02:09.808+00,2021-11-27 00:02:09.81045+00,
1011,Peas,,2021-12-01 19:08:21.009+00,2021-12-01 19:08:21.01164+00,
1012,Tahini,,2021-12-05 21:26:26.635+00,2021-12-05 21:26:26.637307+00,
1013,Cloves,,2021-12-05 21:29:42.328+00,2021-12-05 21:29:42.329989+00,
1014,Dried Oregano,,2021-12-05 21:30:25.172+00,2021-12-05 21:30:25.174072+00,
1015,Whole Milk Greek Yogurt,,2021-12-05 21:31:26.47+00,2021-12-05 21:31:26.47299+00,
1016,Beef Brisket,,2021-12-05 21:39:17.844+00,2021-12-05 21:39:17.84714+00,
1017,Idaho Potatoes,,2021-12-05 21:41:16.568+00,2021-12-05 21:41:16.570641+00,
1018,Matzoh Flour,,2021-12-05 21:41:16.568+00,2021-12-05 21:41:16.570641+00,
1019,Spices,,2021-12-05 21:43:01.894+00,2021-12-05 21:43:01.895821+00,
1020,Chile Paste,,2021-12-05 21:54:45.236+00,2021-12-05 21:54:45.237682+00,
1021,Roasted Pork,,2021-12-05 21:57:06.913+00,2021-12-05 21:57:06.91498+00,
1022,Salsa Verde,,2021-12-05 21:57:06.913+00,2021-12-05 21:57:06.91498+00,
1023,Rajas,,2021-12-05 21:57:44.341+00,2021-12-05 21:57:44.342384+00,
1024,Green Pepper,,2021-12-05 21:57:44.341+00,2021-12-05 21:57:44.342384+00,
1025,Shaved Red Cabbage,,2021-12-05 21:58:38.793+00,2021-12-05 21:58:38.794891+00,
1026,Spicy Breadcrumbs,,2021-12-05 21:58:38.793+00,2021-12-05 21:58:38.794891+00,
1027,Aji Verde Dressing,,2021-12-05 21:58:38.793+00,2021-12-05 21:58:38.794891+00,
1028,Oat Milk,,2021-12-06 00:14:54.419+00,2021-12-06 00:14:54.420308+00,
1029,Sourdough Boule,,2021-12-06 00:17:04.133+00,2021-12-06 00:17:04.134345+00,
1030,Everything Seasoning,,2021-12-06 00:17:04.133+00,2021-12-06 00:17:04.134345+00,
1031,Leeks,,2021-12-06 00:17:41.229+00,2021-12-06 00:17:41.233071+00,
1032,"D'anjou Pears",,2021-12-06 19:07:01.546+00,2021-12-06 19:07:01.559138+00,
1033,Sourdough Bread,,2021-12-06 19:08:58.801+00,2021-12-06 19:08:58.804006+00,
1034,Skin-on Alaskan Salmon,,2021-12-13 16:39:14.339+00,2021-12-13 16:39:14.342731+00,
1035,Onion Salt,,2021-12-13 16:39:14.339+00,2021-12-13 16:39:14.342731+00,
1036,Pepper,,2021-12-13 16:41:23.316+00,2021-12-13 16:41:23.319497+00,
1037,Ginger Puree,,2021-12-13 16:46:25.031+00,2021-12-13 16:46:25.034742+00,
1038,Whole Peeled Tomatoes,,2021-12-13 16:47:04.62+00,2021-12-13 16:47:04.623905+00,
1039,Sweet Potato Noodles,,2021-12-14 17:17:41.497+00,2021-12-14 17:17:41.50457+00,
1040,Red Cabbage,,2021-12-14 17:17:41.497+00,2021-12-14 17:17:41.50457+00,
1072,Peppers,,2022-03-07 22:15:09.42+00,2022-03-07 22:15:09.422076+00,
1073,Carrots,,2022-03-07 22:15:09.42+00,2022-03-07 22:15:09.422076+00,
1074,Lemon Tahini,,2022-03-07 22:23:28.89+00,2022-03-07 22:23:28.892049+00,
1076,Pastured Lamb,,2022-03-07 22:38:54.707+00,2022-03-07 22:38:54.708171+00,
1077,Gf Orzo,,2022-03-07 22:45:07.501+00,2022-03-07 22:45:07.502966+00,
1079,Gluten Free Orzo,,2022-03-07 22:48:02.257+00,2022-03-07 22:48:02.25844+00,
1111,Breadcrumbs,,2022-04-01 00:38:57.54+00,2022-04-01 00:38:57.542491+00,
1112,Bourbon,,2022-04-01 00:42:10.838+00,2022-04-01 00:42:10.840127+00,
1113,Pork Loin,,2022-04-01 00:42:10.838+00,2022-04-01 00:42:10.840127+00,
1114,Bacon,,2022-04-01 00:42:10.838+00,2022-04-01 00:42:10.840127+00,
1115,Perciatelli,,2022-04-01 00:42:10.838+00,2022-04-01 00:42:10.840127+00,
1116,White Cheddar Cheese,,2022-04-01 00:42:10.838+00,2022-04-01 00:42:10.840127+00,
1117,Saffron,,2022-04-01 00:45:12.079+00,2022-04-01 00:45:12.081275+00,
1118,Large Shrimp,,2022-04-01 00:45:12.079+00,2022-04-01 00:45:12.081275+00,
1119,Sirloin Steak,,2022-04-01 00:49:49.995+00,2022-04-01 00:49:49.9979+00,
1120,Soy Sauce,,2022-04-01 00:49:49.995+00,2022-04-01 00:49:49.9979+00,
1121,Crushed Red Pepper,,2022-04-01 00:49:49.995+00,2022-04-01 00:49:49.9979+00,
1122,Macoroni,,2022-04-01 00:56:39.67+00,2022-04-01 00:56:39.677515+00,
1123,Butter,,2022-04-01 00:58:28.124+00,2022-04-01 00:58:28.126474+00,
1124,Coconut Cream,,2022-04-01 00:58:40.707+00,2022-04-01 00:58:40.709324+00,
1125,African Red Rice,,2022-04-01 01:00:07.758+00,2022-04-01 01:00:07.760699+00,
1126,Plantains,,2022-04-01 01:00:07.758+00,2022-04-01 01:00:07.760699+00,
1127,Black Eyed Peas,,2022-04-01 01:00:07.758+00,2022-04-01 01:00:07.760699+00,
1128,Okra Stew,,2022-04-01 01:00:07.758+00,2022-04-01 01:00:07.760699+00,
1129,Scotch Bonnet,,2022-04-01 01:00:07.758+00,2022-04-01 01:00:07.760699+00,
1130,Egg,,2022-04-01 01:00:27.026+00,2022-04-01 01:00:27.028108+00,
1131,Garbanzo Bean,,2022-04-01 01:01:12.971+00,2022-04-01 01:01:12.973915+00,
1132,Red Enchilada Sauce,,2022-04-01 01:01:12.971+00,2022-04-01 01:01:12.973915+00,
1133,Salsa,,2022-04-01 01:01:12.971+00,2022-04-01 01:01:12.973915+00,
1134,Rotelle,,2022-04-01 01:01:12.971+00,2022-04-01 01:01:12.973915+00,
1135,Green Lentil,,2022-04-01 01:01:12.971+00,2022-04-01 01:01:12.973915+00,
1136,Bread,,2022-04-01 01:01:12.971+00,2022-04-01 01:01:12.973915+00,
1145,Flour Tortilla,,2022-04-01 01:04:59.813+00,2022-04-01 01:04:59.815558+00,
1146,Jack Cheese,,2022-04-01 01:04:59.813+00,2022-04-01 01:04:59.815558+00,
1147,Flour,,2022-04-01 01:05:08.433+00,2022-04-01 01:05:08.435451+00,
1148,Meat Bones,,2022-04-01 01:05:08.433+00,2022-04-01 01:05:08.435451+00,
1149,Herbes De Provence,,2022-04-01 01:06:19.843+00,2022-04-01 01:06:19.845152+00,
1150,Jollof Rice,,2022-04-01 01:06:29.834+00,2022-04-01 01:06:29.836108+00,
1151,Kale,,2022-04-01 01:06:29.834+00,2022-04-01 01:06:29.836108+00,
1152,Fermented Locust Bean,,2022-04-01 01:06:29.834+00,2022-04-01 01:06:29.836108+00,
1153,Red Palm Stew,,2022-04-01 01:06:29.834+00,2022-04-01 01:06:29.836108+00,
1154,Peanut Sauce,,2022-04-01 01:06:29.834+00,2022-04-01 01:06:29.836108+00,
1155,Brown Sugar,,2022-04-01 01:07:09.66+00,2022-04-01 01:07:09.662594+00,
1156,Worcestershire Sauce,,2022-04-01 01:07:09.66+00,2022-04-01 01:07:09.662594+00,
1157,Oyster,,2022-04-01 01:11:48.184+00,2022-04-01 01:11:48.186554+00,
1158,Bread Rolls,,2022-04-01 01:11:48.184+00,2022-04-01 01:11:48.186554+00,
1159,Lettuce,,2022-04-01 01:11:48.184+00,2022-04-01 01:11:48.186554+00,
1160,Dill Pickles,,2022-04-01 01:11:48.184+00,2022-04-01 01:11:48.186554+00,
1161,Shrimp,,2022-04-01 01:12:10.453+00,2022-04-01 01:12:10.45593+00,
1162,Fonio,,2022-04-01 01:14:02.422+00,2022-04-01 01:14:02.423949+00,
1163,Grouper,,2022-04-01 01:14:07.024+00,2022-04-01 01:14:07.026309+00,
1164,Ham,,2022-04-01 01:14:43.443+00,2022-04-01 01:14:43.446097+00,
1165,Catfish,,2022-04-01 01:16:48.09+00,2022-04-01 01:16:48.094115+00,
1166,Peanut Oil,,2022-04-01 01:16:48.09+00,2022-04-01 01:16:48.094115+00,
1167,Rump Roast,,2022-04-01 01:17:27.272+00,2022-04-01 01:17:27.27679+00,
1168,Gingersnap,,2022-04-01 01:17:27.272+00,2022-04-01 01:17:27.27679+00,
1169,Tomato Broth,,2022-04-01 01:17:27.421+00,2022-04-01 01:17:27.423585+00,
1170,Suya Spice,,2022-04-01 01:17:27.421+00,2022-04-01 01:17:27.423585+00,
1171,Sauerkraut,,2022-04-01 01:18:28.123+00,2022-04-01 01:18:28.125583+00,
1172,Polish Sausage,,2022-04-01 01:18:28.123+00,2022-04-01 01:18:28.125583+00,
1173,Whitefish,,2022-04-01 01:18:59.334+00,2022-04-01 01:18:59.336156+00,
1174,Spring Onion,,2022-04-01 01:18:59.334+00,2022-04-01 01:18:59.336156+00,
1175,White Rice,,2022-04-01 01:18:59.334+00,2022-04-01 01:18:59.336156+00,
1176,Bratwurst,,2022-04-01 01:19:23.841+00,2022-04-01 01:19:23.843434+00,
1177,Beer,,2022-04-01 01:19:23.841+00,2022-04-01 01:19:23.843434+00,
1178,Beef Broth,,2022-04-01 01:19:23.841+00,2022-04-01 01:19:23.843434+00,
1179,Almond Flour,,2022-04-01 01:21:15.704+00,2022-04-01 01:21:15.711378+00,
1180,Tapioca Flour,,2022-04-01 01:21:15.704+00,2022-04-01 01:21:15.711378+00,
1181,Barbecue Sauce,,2022-04-01 01:21:54.778+00,2022-04-01 01:21:54.780337+00,
1182,Bun,,2022-04-01 01:21:54.778+00,2022-04-01 01:21:54.780337+00,
1183,Seitan,,2022-04-01 01:23:59.661+00,2022-04-01 01:23:59.667852+00,
1184,Vegan Butter,,2022-04-01 01:23:59.661+00,2022-04-01 01:23:59.667852+00,
1185,Habanero Hot Sauce,,2022-04-01 01:23:59.661+00,2022-04-01 01:23:59.667852+00,
1186,Soy Milk,,2022-04-01 01:23:59.661+00,2022-04-01 01:23:59.667852+00,
1187,Crawfish,,2022-04-01 01:25:50.654+00,2022-04-01 01:25:50.65598+00,
1188,Fish Broth,,2022-04-01 01:25:50.654+00,2022-04-01 01:25:50.65598+00,
1189,Red Grapefruit,,2022-04-01 01:27:26.724+00,2022-04-01 01:27:26.727094+00,
1190,Black Sesame,,2022-04-01 01:27:55.366+00,2022-04-01 01:27:55.368095+00,
1191,Crudite,,2022-04-01 01:27:55.366+00,2022-04-01 01:27:55.368095+00,
1192,Toasted Stirato,,2022-04-01 01:27:55.366+00,2022-04-01 01:27:55.368095+00,
1193,Turkey,,2022-04-01 01:28:32.253+00,2022-04-01 01:28:32.258027+00,
1194,Flounder,,2022-04-01 01:30:13.155+00,2022-04-01 01:30:13.157319+00,
1195,Pimento,,2022-04-01 01:30:13.155+00,2022-04-01 01:30:13.157319+00,
1196,Garlic Puree,,2022-04-01 01:30:41.678+00,2022-04-01 01:30:41.680748+00,
1197,Fettuccini,,2022-04-01 01:32:02.15+00,2022-04-01 01:32:02.152479+00,
1198,Half & Half,,2022-04-01 01:32:02.15+00,2022-04-01 01:32:02.152479+00,
1199,Pink Peppercorn Butter,,2022-04-01 01:34:11.679+00,2022-04-01 01:34:11.681271+00,
1200,Apple Jelly,,2022-04-01 01:35:43.838+00,2022-04-01 01:35:43.840762+00,
1201,Honey Mustard,,2022-04-01 01:38:11.724+00,2022-04-01 01:38:11.726297+00,
1202,Walnut,,2022-04-01 01:40:18.026+00,2022-04-01 01:40:18.029105+00,
1203,Tilapia,,2022-04-01 01:42:15.925+00,2022-04-01 01:42:15.92705+00,
1204,Eggplant,,2022-04-01 01:43:26.961+00,2022-04-01 01:43:26.965004+00,
1205,Scrambled Eggs,,2022-04-01 01:44:39.743+00,2022-04-01 01:44:39.747303+00,
1206,Wild Arugula,,2022-04-01 01:44:39.743+00,2022-04-01 01:44:39.747303+00,
1207,Sesame Jerk Dressing,,2022-04-01 01:47:22.681+00,2022-04-01 01:47:22.682569+00,
1208,Halibut,,2022-04-01 01:47:56.772+00,2022-04-01 01:47:56.774189+00,
1209,Aged Manchego,,2022-04-01 01:49:01.483+00,2022-04-01 01:49:01.484763+00,
1210,Green Apple,,2022-04-01 01:49:01.483+00,2022-04-01 01:49:01.484763+00,
1211,White Balsamic Vinaigrette,,2022-04-01 01:49:01.483+00,2022-04-01 01:49:01.484763+00,
1212,Penne Pasta,,2022-04-01 01:49:58.107+00,2022-04-01 01:49:58.108764+00,
1213,Tarragon,,2022-04-01 01:51:33.857+00,2022-04-01 01:51:33.859306+00,
1214,Micro Chamomile,,2022-04-01 01:51:41.106+00,2022-04-01 01:51:41.108052+00,
1215,Haddock,,2022-04-01 01:53:45.449+00,2022-04-01 01:53:45.452233+00,
1216,Beef,,2022-04-01 01:53:56.612+00,2022-04-01 01:53:56.613634+00,
1217,Fresh Ginger,,2022-04-01 01:54:54.173+00,2022-04-01 01:54:54.174966+00,
1218,Purple Cabbage,,2022-04-01 01:54:54.173+00,2022-04-01 01:54:54.174966+00,
1219,Hot Pepper,,2022-04-01 01:54:54.173+00,2022-04-01 01:54:54.174966+00,
1220,White Button Mushroom,,2022-04-01 01:56:34.651+00,2022-04-01 01:56:34.654093+00,
1221,Beef Chuck,,2022-04-01 01:58:04.137+00,2022-04-01 01:58:04.139018+00,
1222,Pulled Turkey,,2022-04-01 01:58:18.648+00,2022-04-01 01:58:18.649027+00,
1223,Fig Jam,,2022-04-01 01:58:18.648+00,2022-04-01 01:58:18.649027+00,
1224,Chinese Broccoli,,2022-04-01 01:58:23.379+00,2022-04-01 01:58:23.381524+00,
1225,Vegetarian Oyster Sauce,,2022-04-01 01:58:23.379+00,2022-04-01 01:58:23.381524+00,
1226,Top Sirloin Steak,,2022-04-01 01:59:55.143+00,2022-04-01 01:59:55.148896+00,
1227,Beef Bouillon,,2022-04-01 01:59:55.143+00,2022-04-01 01:59:55.148896+00,
1228,Marjoram,,2022-04-01 01:59:55.143+00,2022-04-01 01:59:55.148896+00,
1229,Cream,,2022-04-01 01:59:55.143+00,2022-04-01 01:59:55.148896+00,
1230,Brioche,,2022-04-01 02:00:50.042+00,2022-04-01 02:00:50.043709+00,
1231,Coconut Oil,,2022-04-01 02:02:35.173+00,2022-04-01 02:02:35.176731+00,
1232,Toasted Bianca,,2022-04-01 02:02:37.045+00,2022-04-01 02:02:37.047025+00,
1233,Szechwan Peppercorns,,2022-04-01 02:02:48.327+00,2022-04-01 02:02:48.331188+00,
1234,Chili Bean Paste,,2022-04-01 02:02:48.327+00,2022-04-01 02:02:48.331188+00,
1235,Shaoxing Wine,,2022-04-01 02:02:48.327+00,2022-04-01 02:02:48.331188+00,
1236,Bean Curd Skin,,2022-04-01 02:04:38.95+00,2022-04-01 02:04:38.963996+00,
1237,Chinese Five-spice Powder,,2022-04-01 02:04:38.95+00,2022-04-01 02:04:38.963996+00,
1238,Arrowroot,,2022-04-01 02:04:38.95+00,2022-04-01 02:04:38.963996+00,
1239,Bananas,,2022-04-01 02:06:00.737+00,2022-04-01 02:06:00.738597+00,
1240,Mussels,,2022-04-01 02:06:26.738+00,2022-04-01 02:06:26.739848+00,
1241,Kiwi,,2022-04-01 02:08:49.991+00,2022-04-01 02:08:49.992666+00,
1242,Strawberry Cardamom Jam,,2022-04-01 02:08:49.991+00,2022-04-01 02:08:49.992666+00,
1243,Gluten Free Granola,,2022-04-01 02:08:49.991+00,2022-04-01 02:08:49.992666+00,
1244,Udon,,2022-04-01 02:10:00.686+00,2022-04-01 02:10:00.688041+00,
1245,Beef Bones,,2022-04-01 02:11:40.119+00,2022-04-01 02:11:40.120556+00,
1246,Chicken Bones,,2022-04-01 02:11:40.119+00,2022-04-01 02:11:40.120556+00,
1247,Fresh Herbs,,2022-04-01 02:11:40.119+00,2022-04-01 02:11:40.120556+00,
1248,Paneer Cheese,,2022-04-01 02:11:43.281+00,2022-04-01 02:11:43.282959+00,
1249,Sweet Onion,,2022-04-01 02:11:43.281+00,2022-04-01 02:11:43.282959+00,
1250,Snow Peas,,2022-04-01 02:11:57.778+00,2022-04-01 02:11:57.77983+00,
1251,Jackfruit,,2022-04-01 02:13:32.581+00,2022-04-01 02:13:32.583054+00,
1252,Rice Flour,,2022-04-01 02:13:32.581+00,2022-04-01 02:13:32.583054+00,
1253,Coconut Sugar,,2022-04-01 02:13:32.581+00,2022-04-01 02:13:32.583054+00,
1254,Corn Starch,,2022-04-01 02:13:32.581+00,2022-04-01 02:13:32.583054+00,
1255,Thai Chili,,2022-04-01 02:13:32.581+00,2022-04-01 02:13:32.583054+00,
1256,Chicken Drumsticks,,2022-04-01 02:16:09.229+00,2022-04-01 02:16:09.230488+00,
1257,Kaffir Lime Leaves,,2022-04-01 02:16:09.229+00,2022-04-01 02:16:09.230488+00,
1258,Galangal,,2022-04-01 02:16:09.229+00,2022-04-01 02:16:09.230488+00,
1259,Red Chili Peppers,,2022-04-01 02:16:09.229+00,2022-04-01 02:16:09.230488+00,
1260,Shrimp Paste,,2022-04-01 02:16:09.229+00,2022-04-01 02:16:09.230488+00,
1261,Pumpkin Seeds,,2022-04-01 02:17:49.258+00,2022-04-01 02:17:49.260474+00,
1262,Cacao Nibs,,2022-04-01 02:17:49.258+00,2022-04-01 02:17:49.260474+00,
1263,Dried Apricot,,2022-04-01 02:17:49.258+00,2022-04-01 02:17:49.260474+00,
1264,Gluten Free Oats,,2022-04-01 02:17:49.258+00,2022-04-01 02:17:49.260474+00,
1265,Yellow Split Pea,,2022-04-01 02:18:15.763+00,2022-04-01 02:18:15.764482+00,
1266,Vegan Sour Cream,,2022-04-01 02:18:24.227+00,2022-04-01 02:18:24.228432+00,
1267,White Beans,,2022-04-01 02:20:33.139+00,2022-04-01 02:20:33.140216+00,
1268,Cilnatro,,2022-04-01 02:21:36.638+00,2022-04-01 02:21:36.639767+00,
1269,Star Anise,,2022-04-01 02:21:36.638+00,2022-04-01 02:21:36.639767+00,
1270,Red Potato,,2022-04-01 02:23:01.982+00,2022-04-01 02:23:01.98352+00,
1271,Jalapeno,,2022-04-01 02:23:06.641+00,2022-04-01 02:23:06.641976+00,
1272,Cognac,,2022-04-01 02:30:35.303+00,2022-04-01 02:30:35.304109+00,
1273,Fennel Seeds,,2022-04-01 02:30:35.303+00,2022-04-01 02:30:35.304109+00,
1274,Gluten Free Flour,,2022-04-01 02:30:35.303+00,2022-04-01 02:30:35.304109+00,
1275,Potato,,2022-04-01 02:30:35.303+00,2022-04-01 02:30:35.304109+00,
1276,Hard Boiled Egg,,2022-04-01 02:31:11.744+00,2022-04-01 02:31:11.750192+00,
1277,Green Chilies,,2022-04-01 02:31:11.744+00,2022-04-01 02:31:11.750192+00,
1278,Red Chili Powder,,2022-04-01 02:31:11.744+00,2022-04-01 02:31:11.750192+00,
1279,Tamarind Water,,2022-04-01 02:31:11.744+00,2022-04-01 02:31:11.750192+00,
1280,Curry Leaves,,2022-04-01 02:31:11.744+00,2022-04-01 02:31:11.750192+00,
1281,Tomato Puree,,2022-04-01 02:32:59.78+00,2022-04-01 02:32:59.781186+00,
1282,Beef Stock,,2022-04-01 02:34:48.059+00,2022-04-01 02:34:48.060594+00,
1283,Pesto,,2022-04-01 02:41:00.871+00,2022-04-01 02:41:00.872178+00,
1284,Ground Almond,,2022-04-01 02:41:18.357+00,2022-04-01 02:41:18.358173+00,
1285,Romano Cheese,,2022-04-01 02:42:13.426+00,2022-04-01 02:42:13.426999+00,
1286,Lemon Peel,,2022-04-01 02:44:55.481+00,2022-04-01 02:44:55.483059+00,
1287,Parsnip,,2022-04-01 02:45:02.524+00,2022-04-01 02:45:02.525285+00,
1288,Seaweed,,2022-04-01 02:45:02.524+00,2022-04-01 02:45:02.525285+00,
1289,Egg Yolk,,2022-04-01 02:45:02.524+00,2022-04-01 02:45:02.525285+00,
1290,Green Pea,,2022-04-01 02:46:56.587+00,2022-04-01 02:46:56.588049+00,
1291,Alfredo Sauce,,2022-04-01 02:46:56.587+00,2022-04-01 02:46:56.588049+00,
1292,Sausage,,2022-04-01 02:49:09.621+00,2022-04-01 02:49:09.624559+00,
1293,Fresh Rosemary,,2022-04-01 02:49:09.621+00,2022-04-01 02:49:09.624559+00,
1294,Provolone Cheese,,2022-04-01 02:50:15.723+00,2022-04-01 02:50:15.72487+00,
1295,Sake,,2022-04-01 02:52:10.415+00,2022-04-01 02:52:10.416373+00,
1296,Mirin,,2022-04-01 02:52:10.415+00,2022-04-01 02:52:10.416373+00,
1297,White Miso,,2022-04-01 02:52:10.415+00,2022-04-01 02:52:10.416373+00,
1298,Black Cod,,2022-04-01 02:52:10.415+00,2022-04-01 02:52:10.416373+00,
1299,Spareribs,,2022-04-01 02:53:19.015+00,2022-04-01 02:53:19.016732+00,
1300,Shoyu,,2022-04-01 02:53:19.015+00,2022-04-01 02:53:19.016732+00,
1301,Shortcrust Pastry,,2022-04-01 02:53:59.93+00,2022-04-01 02:53:59.931309+00,
1302,Cabbage,,2022-04-01 02:55:23.479+00,2022-04-01 02:55:23.480411+00,
1303,Rockfish,,2022-04-01 02:55:37.516+00,2022-04-01 02:55:37.517028+00,
1304,Rice Wine,,2022-04-01 02:57:16.936+00,2022-04-01 02:57:16.937427+00,
1305,Green Cabbage,,2022-04-01 03:01:09.775+00,2022-04-01 03:01:09.780787+00,
1306,Monterey Jack Cheese,,2022-04-01 03:01:30.78+00,2022-04-01 03:01:30.781673+00,
1307,Cream Cheese,,2022-04-01 03:02:14.228+00,2022-04-01 03:02:14.229545+00,
1308,Brown Lentils,,2022-04-01 03:03:39.991+00,2022-04-01 03:03:39.991636+00,
1309,Mahi Mahi,,2022-04-01 03:11:03.169+00,2022-04-01 03:11:03.170913+00,
1310,Grapefruit,,2022-04-01 03:11:03.169+00,2022-04-01 03:11:03.170913+00,
1311,Crema,,2022-04-01 03:11:03.169+00,2022-04-01 03:11:03.170913+00,
1312,Avocado Oil,,2022-04-01 03:19:51.282+00,2022-04-01 03:19:51.28264+00,
1313,Ras El Hanout,,2022-04-01 03:19:56.092+00,2022-04-01 03:19:56.093073+00,
1314,Savoy Cabbage,,2022-04-01 03:20:54.787+00,2022-04-01 03:20:54.79265+00,
1315,Fish Stock,,2022-04-01 03:20:54.787+00,2022-04-01 03:20:54.79265+00,
1316,Fish Fillets,,2022-04-01 03:20:54.787+00,2022-04-01 03:20:54.79265+00,
1317,Littleneck Clams,,2022-04-01 03:24:27.512+00,2022-04-01 03:24:27.523419+00,
1318,Lobster Tails,,2022-04-01 03:25:48.415+00,2022-04-01 03:25:48.416389+00,
1319,Prawns,,2022-04-01 03:25:48.415+00,2022-04-01 03:25:48.416389+00,
1320,Black Olive,,2022-04-01 03:26:19.343+00,2022-04-01 03:26:19.345731+00,
1321,Preserved Lemon,,2022-04-01 03:29:41.847+00,2022-04-01 03:29:41.848263+00,
1322,Dried Chilies,,2022-04-01 03:34:44.608+00,2022-04-01 03:34:44.609391+00,
1323,Lemongrass,,2022-04-01 03:36:25.182+00,2022-04-01 03:36:25.182885+00,
1324,Bonito Flakes,,2022-04-01 03:38:02.671+00,2022-04-01 03:38:02.676342+00,
1325,Water Chestnut,,2022-04-01 03:38:02.671+00,2022-04-01 03:38:02.676342+00,
1326,Wonton Wrapper,,2022-04-01 03:38:02.671+00,2022-04-01 03:38:02.676342+00,
1327,Ramen Noodles,,2022-04-01 03:38:02.671+00,2022-04-01 03:38:02.676342+00,
1328,Sticky Rice,,2022-04-01 03:39:35.622+00,2022-04-01 03:39:35.626761+00,
1329,Red Chili,,2022-04-01 03:39:51.864+00,2022-04-01 03:39:51.868425+00,
1330,Chili Sauce,,2022-04-01 03:39:51.864+00,2022-04-01 03:39:51.868425+00,
1331,Agave Nectar,,2022-04-01 03:41:23.03+00,2022-04-01 03:41:23.031297+00,
1332,Ponzu,,2022-04-01 03:41:35.762+00,2022-04-01 03:41:35.763209+00,
1333,Oyster Mushroom,,2022-04-01 03:41:35.762+00,2022-04-01 03:41:35.763209+00,
1334,Sushi Rice,,2022-04-01 03:42:31.327+00,2022-04-01 03:42:31.329595+00,
1335,Bamboo Shoots,,2022-04-01 03:42:50.886+00,2022-04-01 03:42:50.886953+00,
1336,Wasabi Paste,,2022-04-01 03:46:05.147+00,2022-04-01 03:46:05.149557+00,
1337,Chickpea Flour,,2022-04-01 03:47:36.117+00,2022-04-01 03:47:36.119098+00,
1338,Konbu Dashi,,2022-04-01 03:48:58.805+00,2022-04-01 03:48:58.806809+00,
1339,Potato Starch,,2022-04-01 03:50:12.546+00,2022-04-01 03:50:12.54638+00,
1340,Sherry Vinegar,,2022-04-01 03:52:32.611+00,2022-04-01 03:52:32.61201+00,
1341,Boneless Chicken Thighs,,2022-04-21 17:51:07.774+00,2022-04-21 17:51:07.776232+00,
1342,Watercress,,2022-04-21 17:51:07.774+00,2022-04-21 17:51:07.776232+00,
1343,Ginger Scallion Sauce,,2022-04-21 17:51:07.774+00,2022-04-21 17:51:07.776232+00,
1344,Chili Crisp,,2022-04-21 17:54:07.097+00,2022-04-21 17:54:07.098872+00,
1345,Bean Sprouts,,2022-04-21 17:54:07.097+00,2022-04-21 17:54:07.098872+00,
1346,Coconut Curry Dressing,,2022-04-25 21:32:42.863+00,2022-04-25 21:32:42.866154+00,